customer_id,first_name,last_name,email,signup_date,country,region,home_store_id
1,Yuki,Haddad,yuki.haddad1@example.com,2024-04-12,United Kingdom,EMEA,10
2,Jamie,Nguyen,jamie.nguyen2,2024-11-05,Canada,NA,18
3,Morgan,Wilson,morgan.wilson3@example.com,2024-02-25,United States,NA,5
4,Ines,Park,ines.park4@example.com,2024-01-13,United States,NA,16
5,Noor,Schmidt,noor.schmidt5@example.com,2024-07-07,United Kingdom,EMEA,9
6,Noor,Garcia,noor.garcia6@example.com,2024-03-07,Japan,APAC,3
7,Mia,Johnson,mia.johnson7@example.com,2024-06-01,Canada,NA,10
8,Jordan,Brown,jordan.brown8@example.com,2025-07-25,United States,NA,20
9,Omar,Haddad,omar.haddad9@example.com,2026-03-05,Canada,NA,15
10,Hayden,Khan,hayden.khan10@example.com,2025-08-25,Japan,APAC,10
11,Mia,Haddad,mia.haddad11@example.com,2025-09-16,United States,NA,4
12,Riley,Tanaka,riley.tanaka12@example.com,2025-11-07,United Kingdom,EMEA,8
13,Casey,Walker,casey.walker13,2024-06-09,United States,NA,15
14,Sofia,Haddad,sofia.haddad14@example.com,2024-10-25,Germany,EMEA,10
15,Sofia,Khan,sofia.khan15@example.com,2026-05-30,Australia,APAC,8
16,Avery,Ito,avery.ito16@example.com,2026-04-03,Australia,APAC,14
17,Taylor,Walker,taylor.walker17@example.com,2025-10-25,Canada,NA,9
18,Morgan,Lee,morgan.lee18@example.com,2024-06-18,United States,NA,20
19,Mia,Khan,mia.khan19@example.com,2024-05-07,Germany,EMEA,10
20,Sofia,Andersen,sofia.andersen20@example.com,2025-05-27,United Kingdom,EMEA,15
21,Jordan,Haddad,jordan.haddad21@example.com,2025-03-18,United States,NA,20
22,Avery,Smith,avery.smith22@example.com,2024-08-22,United States,NA,19
23,Mia,Smith,mia.smith23@example.com,2025-11-19,Japan,APAC,19
24,Sam,Dubois,sam.dubois24@example.com,2025-06-15,Germany,EMEA,9
25,Casey,Ito,casey.ito25@example.com,2025-10-12,Germany,EMEA,3
26,Noor,Nguyen,noor.nguyen26@example.com,2024-12-07,Germany,EMEA,4
27,Casey,Rossi,casey.rossi27@example.com,2025-12-11,Germany,EMEA,13
28,Liam,Johnson,liam.johnson28@example.com,2024-03-31,Germany,EMEA,11
29,Taylor,Andersen,taylor.andersen29@example.com,2025-06-10,Japan,APAC,1
30,Lars,Walker,lars.walker30@example.com,2025-02-27,Germany,EMEA,17
31,Reese,Haddad,reese.haddad31@example.com,2025-05-25,Japan,APAC,2
32,Riley,Wilson,riley.wilson32@example.com,2024-05-14,France,EMEA,15
33,Sofia,Park,sofia.park33@example.com,2024-01-30,United States,NA,20
34,Jamie,Dubois,jamie.dubois34,2025-07-18,United Kingdom,EMEA,14
35,Jordan,Brown,jordan.brown35@example.com,2024-04-26,Japan,APAC,4
36,Ines,Mueller,ines.mueller36@example.com,2026-01-03,Germany,EMEA,9
37,Cameron,Park,cameron.park37@example.com,2024-09-06,Germany,EMEA,5
38,Skyler,Tanaka,skyler.tanaka38@example.com,2025-06-04,France,EMEA,5
39,Jordan,Wilson,jordan.wilson39@example.com,2026-03-19,Japan,APAC,11
40,Yuki,Wilson,yuki.wilson40@example.com,2024-01-03,Japan,APAC,10
41,Mia,Ito,mia.ito41@example.com,2025-05-16,Australia,APAC,15
42,Liam,Park,liam.park42@example.com,2024-12-06,United Kingdom,EMEA,18
43,Skyler,Schmidt,skyler.schmidt43@example.com,2024-07-12,United Kingdom,EMEA,8
44,Mia,Andersen,mia.andersen44@example.com,2026-05-26,Canada,NA,2
45,Drew,Park,drew.park45@example.com,2026-04-10,Australia,APAC,5
46,Noor,Johnson,noor.johnson46@example.com,2025-05-29,Canada,NA,11
47,Taylor,Schmidt,taylor.schmidt47@example.com,2025-06-22,United States,NA,1
48,Morgan,Costa,morgan.costa48@example.com,2025-11-01,Japan,APAC,3
49,Noor,Wilson,noor.wilson49@example.com,2025-09-30,United Kingdom,EMEA,3
50,Drew,Walker,drew.walker50@example.com,2024-11-20,Germany,EMEA,16
51,Liam,Johnson,liam.johnson51@example.com,2024-03-11,France,EMEA,10
52,Jamie,Lee,jamie.lee52@example.com,2024-04-10,Germany,EMEA,4
53,Hayden,Dubois,hayden.dubois53@example.com,2024-11-02,Australia,APAC,2
54,Drew,Johnson,drew.johnson54@example.com,2025-01-02,United Kingdom,EMEA,5
55,Jamie,Silva,jamie.silva55@example.com,2025-08-02,Germany,EMEA,6
56,Casey,Dubois,casey.dubois56@example.com,2025-09-16,United States,NA,20
57,Lars,Brown,lars.brown57@example.com,2025-08-20,Germany,EMEA,15
58,Ines,Wilson,ines.wilson58@example.com,2024-09-18,Germany,EMEA,15
59,Quinn,Walker,quinn.walker59@example.com,2024-03-16,Canada,NA,12
60,Mia,Khan,mia.khan60@example.com,2025-03-10,Australia,APAC,15
61,Quinn,Tanaka,quinn.tanaka61@example.com,2026-05-23,Germany,EMEA,8
62,Skyler,Ito,skyler.ito62@example.com,2025-08-11,United Kingdom,EMEA,10
63,Alex,Andersen,alex.andersen63@example.com,2024-01-09,United Kingdom,EMEA,2
64,Omar,Park,omar.park64@example.com,2024-10-20,Japan,APAC,8
65,Omar,Nguyen,omar.nguyen65@example.com,2025-10-13,Canada,NA,9
66,Lars,Mueller,lars.mueller66@example.com,2024-04-09,Australia,APAC,2
67,Quinn,Schmidt,quinn.schmidt67@example.com,2025-08-16,United States,NA,5
68,Jordan,Khan,jordan.khan68@example.com,2026-02-04,United Kingdom,EMEA,7
69,Morgan,Walker,morgan.walker69@example.com,2025-06-27,United Kingdom,EMEA,9
70,Casey,Wilson,casey.wilson70@example.com,2025-05-08,Japan,APAC,10
71,Drew,Garcia,drew.garcia71@example.com,2024-03-18,Germany,EMEA,8
72,Lars,Andersen,lars.andersen72@example.com,2026-04-03,Japan,APAC,3
73,Skyler,Smith,skyler.smith73@example.com,2025-07-03,United Kingdom,EMEA,12
74,Lars,Wilson,lars.wilson74@example.com,2025-01-25,France,EMEA,12
75,Taylor,Brown,taylor.brown75@example.com,2024-01-26,Germany,EMEA,18
76,Drew,Haddad,drew.haddad76@example.com,2025-10-25,Canada,NA,15
77,Sofia,Khan,sofia.khan77@example.com,2025-02-22,Australia,APAC,2
78,Sam,Khan,sam.khan78@example.com,2024-04-28,Germany,EMEA,18
79,Morgan,Andersen,morgan.andersen79@example.com,2025-01-14,Germany,EMEA,18
80,Cameron,Ito,cameron.ito80@example.com,2026-01-14,Australia,APAC,14
81,Ines,Garcia,ines.garcia81@example.com,2025-05-16,Japan,APAC,9
82,Sam,Nguyen,sam.nguyen82@example.com,2025-03-30,Canada,NA,8
83,Reese,Garcia,reese.garcia83@example.com,2025-01-11,Australia,APAC,12
84,Sam,Andersen,sam.andersen84@example.com,2024-07-13,United Kingdom,EMEA,15
85,Jordan,Tanaka,jordan.tanaka85@example.com,2025-10-16,Australia,APAC,1
86,Sam,Rossi,sam.rossi86@example.com,2024-05-08,Canada,NA,7
87,Jordan,Walker,jordan.walker87@example.com,2025-08-23,Canada,NA,8
88,Drew,Mueller,drew.mueller88,2025-09-02,Japan,APAC,5
89,Morgan,Walker,morgan.walker89@example.com,2026-03-28,United Kingdom,EMEA,1
90,Morgan,Smith,morgan.smith90@example.com,2026-03-19,United Kingdom,EMEA,19
91,Drew,Smith,drew.smith91@example.com,2024-09-28,Canada,NA,14
92,Yuki,Garcia,yuki.garcia92@example.com,2024-03-06,Australia,APAC,12
93,Yuki,Ito,yuki.ito93@example.com,2025-04-07,United States,NA,20
94,Sam,Silva,sam.silva94@example.com,2025-04-14,United Kingdom,EMEA,1
95,Sam,Park,sam.park95@example.com,2025-02-15,Japan,APAC,4
96,Noor,Schmidt,noor.schmidt96@example.com,2024-03-23,United States,NA,5
97,Jordan,Mueller,jordan.mueller97@example.com,2025-10-01,United Kingdom,EMEA,18
98,Sofia,Rossi,sofia.rossi98@example.com,2025-09-03,Germany,EMEA,15
99,Yuki,Haddad,yuki.haddad99@example.com,2024-04-11,Germany,EMEA,4
100,Ines,Walker,ines.walker100@example.com,2024-08-08,Australia,APAC,8
101,Cameron,Rossi,cameron.rossi101@example.com,2025-04-09,Japan,APAC,4
102,Drew,Costa,drew.costa102@example.com,2025-11-12,United Kingdom,EMEA,5
103,Lars,Park,lars.park103@example.com,2024-04-03,United States,NA,3
104,Cameron,Garcia,cameron.garcia104@example.com,2026-01-26,Australia,APAC,5
105,Liam,Johnson,liam.johnson105@example.com,2025-07-29,France,EMEA,4
106,Cameron,Nguyen,cameron.nguyen106@example.com,2025-11-12,Japan,APAC,14
107,Sam,Khan,sam.khan107@example.com,2024-11-15,France,EMEA,19
108,Yuki,Tanaka,yuki.tanaka108@example.com,2025-11-03,Canada,NA,4
109,Reese,Walker,reese.walker109@example.com,2024-04-27,United Kingdom,EMEA,19
110,Jamie,Costa,jamie.costa110@example.com,2025-07-28,Japan,APAC,20
111,Omar,Walker,omar.walker111@example.com,2025-09-15,United States,NA,9
112,Alex,Dubois,alex.dubois112@example.com,2025-12-20,United Kingdom,EMEA,11
113,Reese,Smith,reese.smith113@example.com,2024-05-26,Canada,NA,13
114,Jordan,Mueller,jordan.mueller114@example.com,2025-10-10,Australia,APAC,3
115,Yuki,Tanaka,yuki.tanaka115@example.com,2025-03-05,Germany,EMEA,6
116,Reese,Khan,reese.khan116@example.com,2024-11-28,Australia,APAC,19
117,Omar,Lee,omar.lee117@example.com,2024-06-08,United States,NA,20
118,Sam,Lee,sam.lee118@example.com,2025-03-29,United Kingdom,EMEA,16
119,Omar,Schmidt,omar.schmidt119@example.com,2024-10-06,Germany,EMEA,17
120,Taylor,Nguyen,taylor.nguyen120@example.com,2024-04-23,Germany,EMEA,19
121,Noor,Silva,noor.silva121@example.com,2024-11-11,Australia,APAC,13
122,Omar,Johnson,omar.johnson122@example.com,2024-07-28,United States,NA,7
123,Morgan,Wilson,morgan.wilson123@example.com,2024-12-01,United Kingdom,EMEA,16
124,Cameron,Dubois,cameron.dubois124@example.com,2025-01-24,Canada,NA,8
125,Yuki,Walker,yuki.walker125@example.com,2025-11-15,Japan,APAC,3
126,Skyler,Johnson,skyler.johnson126@example.com,2024-01-20,Germany,EMEA,3
127,Drew,Ito,drew.ito127@example.com,2025-08-10,Germany,EMEA,14
128,Quinn,Garcia,quinn.garcia128@example.com,2024-01-22,Germany,EMEA,6
129,Omar,Schmidt,omar.schmidt129@example.com,2025-12-07,Japan,APAC,3
130,Cameron,Garcia,cameron.garcia130@example.com,2025-03-22,Canada,NA,17
131,Jordan,Andersen,jordan.andersen131@example.com,2024-11-13,Japan,APAC,8
132,Drew,Dubois,drew.dubois132@example.com,2025-06-06,United States,NA,17
133,Yuki,Tanaka,yuki.tanaka133@example.com,2024-12-23,Japan,APAC,5
134,Jamie,Garcia,jamie.garcia134@example.com,2024-09-19,Canada,NA,20
135,Morgan,Lee,morgan.lee135@example.com,2026-03-02,Canada,NA,15
136,Mia,Ito,mia.ito136@example.com,2025-11-28,Germany,EMEA,19
137,Ines,Haddad,ines.haddad137@example.com,2025-10-04,United Kingdom,EMEA,15
138,Jordan,Park,jordan.park138@example.com,2025-10-08,Germany,EMEA,9
139,Mia,Johnson,mia.johnson139@example.com,2025-06-03,United Kingdom,EMEA,15
140,Hayden,Johnson,hayden.johnson140@example.com,2025-01-12,United States,NA,3
141,Ines,Lee,ines.lee141@example.com,2025-08-31,France,EMEA,15
142,Mia,Walker,mia.walker142@example.com,2026-01-26,Japan,APAC,15
143,Mia,Tanaka,mia.tanaka143@example.com,2025-09-11,United Kingdom,EMEA,5
144,Sam,Schmidt,sam.schmidt144@example.com,2026-04-10,United States,NA,11
145,Sofia,Lee,sofia.lee145@example.com,2025-10-23,France,EMEA,8
146,Sofia,Schmidt,sofia.schmidt146@example.com,2025-06-20,Germany,EMEA,6
147,Reese,Nguyen,reese.nguyen147@example.com,2025-01-31,United Kingdom,EMEA,11
148,Lars,Haddad,lars.haddad148@example.com,2026-03-19,United States,NA,11
149,Jordan,Rossi,jordan.rossi149@example.com,2025-07-25,United States,NA,10
150,Avery,Haddad,avery.haddad150@example.com,2024-06-02,Japan,APAC,19
151,Lars,Mueller,lars.mueller151@example.com,2024-11-13,United Kingdom,EMEA,13
152,Morgan,Haddad,morgan.haddad152@example.com,2024-03-27,Australia,APAC,13
153,Ines,Rossi,ines.rossi153@example.com,2024-05-10,Japan,APAC,17
154,Jordan,Costa,jordan.costa154,2025-01-05,France,EMEA,10
155,Casey,Tanaka,casey.tanaka155@example.com,2026-02-23,United Kingdom,EMEA,8
156,Morgan,Mueller,morgan.mueller156@example.com,2024-10-29,United States,NA,4
157,Yuki,Walker,yuki.walker157@example.com,2026-01-26,Japan,APAC,2
158,Lars,Rossi,lars.rossi158@example.com,2025-09-24,Japan,APAC,13
159,Morgan,Dubois,morgan.dubois159@example.com,2026-05-01,Canada,NA,20
160,Casey,Schmidt,casey.schmidt160@example.com,2025-02-24,United States,NA,8
161,Hayden,Haddad,hayden.haddad161@example.com,2026-02-09,United Kingdom,EMEA,15
162,Jamie,Walker,jamie.walker162@example.com,2024-11-12,Canada,NA,16
163,Riley,Nguyen,riley.nguyen163@example.com,2025-08-07,Australia,APAC,15
164,Quinn,Andersen,quinn.andersen164@example.com,2025-06-24,France,EMEA,6
165,Riley,Haddad,riley.haddad165@example.com,2024-09-13,Canada,NA,16
166,Reese,Walker,reese.walker166@example.com,2025-12-29,United States,NA,4
167,Quinn,Lee,quinn.lee167@example.com,2024-06-13,Japan,APAC,17
168,Morgan,Costa,morgan.costa168@example.com,2024-08-15,United States,NA,12
169,Alex,Costa,alex.costa169@example.com,2025-02-09,United States,NA,8
170,Skyler,Lee,skyler.lee170,2024-08-17,United Kingdom,EMEA,4
171,Sofia,Rossi,sofia.rossi171@example.com,2024-05-29,Japan,APAC,10
172,Noor,Mueller,noor.mueller172@example.com,2025-12-23,Japan,APAC,20
173,Alex,Lee,alex.lee173@example.com,2024-09-19,United States,NA,5
174,Liam,Haddad,liam.haddad174@example.com,2025-03-09,France,EMEA,10
175,Jamie,Khan,jamie.khan175@example.com,2024-02-18,United States,NA,20
176,Hayden,Lee,hayden.lee176@example.com,2026-05-06,United States,NA,20
177,Liam,Smith,liam.smith177@example.com,2025-06-11,Australia,APAC,5
178,Quinn,Costa,quinn.costa178@example.com,2025-09-21,United States,NA,19
179,Cameron,Dubois,cameron.dubois179@example.com,2025-11-15,Australia,APAC,12
180,Jordan,Silva,jordan.silva180@example.com,2025-06-03,France,EMEA,17
181,Liam,Smith,liam.smith181@example.com,2025-04-26,Germany,EMEA,13
182,Reese,Wilson,reese.wilson182@example.com,2024-01-17,Australia,APAC,3
183,Reese,Brown,reese.brown183@example.com,2025-11-03,Australia,APAC,19
184,Drew,Mueller,drew.mueller184@example.com,2024-12-26,United States,NA,6
185,Lars,Schmidt,lars.schmidt185@example.com,2025-05-05,Australia,APAC,5
186,Jordan,Schmidt,jordan.schmidt186@example.com,2024-10-27,United States,NA,7
187,Sam,Rossi,sam.rossi187@example.com,2025-06-11,United Kingdom,EMEA,18
188,Noor,Wilson,noor.wilson188@example.com,2026-02-10,United States,NA,10
189,Reese,Johnson,reese.johnson189@example.com,2025-11-02,Japan,APAC,4
190,Reese,Costa,reese.costa190@example.com,2026-01-31,Germany,EMEA,13
191,Drew,Dubois,drew.dubois191@example.com,2025-12-09,Germany,EMEA,17
192,Avery,Lee,avery.lee192@example.com,2025-03-10,Australia,APAC,20
193,Casey,Walker,casey.walker193@example.com,2024-11-24,United Kingdom,EMEA,11
194,Lars,Khan,lars.khan194@example.com,2025-04-01,United Kingdom,EMEA,14
195,Casey,Schmidt,casey.schmidt195@example.com,2025-04-02,United Kingdom,EMEA,12
196,Omar,Costa,omar.costa196@example.com,2025-10-16,United Kingdom,EMEA,2
197,Jordan,Andersen,jordan.andersen197@example.com,2025-06-09,United Kingdom,EMEA,6
198,Alex,Mueller,alex.mueller198@example.com,2025-09-14,Japan,APAC,15
199,Sam,Mueller,sam.mueller199@example.com,2024-08-29,United States,NA,12
200,Reese,Andersen,reese.andersen200@example.com,2024-02-03,France,EMEA,15
201,Reese,Nguyen,reese.nguyen201@example.com,2026-02-20,Germany,EMEA,5
202,Yuki,Nguyen,yuki.nguyen202@example.com,2024-11-17,Germany,EMEA,8
203,Taylor,Smith,taylor.smith203@example.com,2024-07-09,Australia,APAC,13
204,Liam,Garcia,liam.garcia204@example.com,2026-03-04,United Kingdom,EMEA,15
205,Riley,Haddad,riley.haddad205@example.com,2025-12-11,United Kingdom,EMEA,16
206,Riley,Garcia,riley.garcia206@example.com,2026-05-23,Canada,NA,6
207,Sofia,Schmidt,sofia.schmidt207@example.com,2026-04-09,United States,NA,11
208,Lars,Nguyen,lars.nguyen208@example.com,2024-03-07,Australia,APAC,10
209,Quinn,Dubois,quinn.dubois209@example.com,2025-12-27,Australia,APAC,6
210,Reese,Silva,reese.silva210@example.com,2024-05-04,Canada,NA,5
211,Jamie,Park,jamie.park211@example.com,2025-01-04,United States,NA,12
212,Hayden,Walker,hayden.walker212@example.com,2025-09-18,Canada,NA,3
213,Quinn,Andersen,quinn.andersen213@example.com,2026-01-06,Australia,APAC,14
214,Cameron,Ito,cameron.ito214@example.com,2024-05-08,United States,NA,3
215,Hayden,Schmidt,hayden.schmidt215@example.com,2025-06-13,Australia,APAC,18
216,Ines,Ito,ines.ito216@example.com,2026-02-25,Canada,NA,14
217,Yuki,Johnson,yuki.johnson217@example.com,2024-05-07,Japan,APAC,10
218,Casey,Dubois,casey.dubois218@example.com,2025-12-27,United Kingdom,EMEA,17
219,Quinn,Lee,quinn.lee219@example.com,2024-07-20,United Kingdom,EMEA,18
220,Avery,Mueller,avery.mueller220@example.com,2024-11-06,Australia,APAC,3
221,Yuki,Dubois,yuki.dubois221@example.com,2025-08-17,France,EMEA,20
222,Omar,Rossi,omar.rossi222@example.com,2025-07-31,Japan,APAC,1
223,Jordan,Johnson,jordan.johnson223@example.com,2026-02-28,Australia,APAC,7
224,Mia,Costa,mia.costa224@example.com,2025-10-16,France,EMEA,18
225,Quinn,Khan,quinn.khan225@example.com,2024-09-07,Germany,EMEA,13
226,Quinn,Schmidt,quinn.schmidt226@example.com,2025-12-06,United States,NA,15
227,Cameron,Park,cameron.park227@example.com,2024-07-27,Germany,EMEA,5
228,Drew,Rossi,drew.rossi228@example.com,2026-05-31,Australia,APAC,13
229,Morgan,Nguyen,morgan.nguyen229@example.com,2025-07-29,France,EMEA,8
230,Hayden,Garcia,hayden.garcia230@example.com,2025-04-05,United Kingdom,EMEA,4
231,Sam,Khan,sam.khan231@example.com,2025-09-22,Germany,EMEA,6
232,Drew,Ito,drew.ito232@example.com,2024-11-16,Australia,APAC,6
233,Noor,Silva,noor.silva233@example.com,2025-05-25,Germany,EMEA,16
234,Alex,Lee,alex.lee234@example.com,2025-06-01,Germany,EMEA,8
235,Riley,Ito,riley.ito235@example.com,2024-02-19,United Kingdom,EMEA,16
236,Omar,Park,omar.park236,2025-07-03,United Kingdom,EMEA,4
237,Cameron,Mueller,cameron.mueller237@example.com,2026-01-14,United Kingdom,EMEA,13
238,Reese,Johnson,reese.johnson238@example.com,2024-02-22,Germany,EMEA,7
239,Reese,Walker,reese.walker239@example.com,2024-03-16,United Kingdom,EMEA,15
240,Liam,Wilson,liam.wilson240@example.com,2025-09-30,Japan,APAC,4
241,Morgan,Garcia,morgan.garcia241@example.com,2025-01-17,Germany,EMEA,11
242,Liam,Nguyen,liam.nguyen242@example.com,2024-05-27,Japan,APAC,17
243,Skyler,Silva,skyler.silva243@example.com,2024-02-16,United States,NA,11
244,Noor,Silva,noor.silva244@example.com,2024-06-01,Germany,EMEA,17
245,Morgan,Rossi,morgan.rossi245@example.com,2024-11-22,France,EMEA,20
246,Quinn,Ito,quinn.ito246@example.com,2025-06-03,United Kingdom,EMEA,18
247,Noor,Ito,noor.ito247@example.com,2025-05-01,United Kingdom,EMEA,12
248,Drew,Garcia,drew.garcia248@example.com,2025-08-20,Germany,EMEA,1
249,Omar,Park,omar.park249@example.com,2025-11-02,United Kingdom,EMEA,19
250,Mia,Brown,mia.brown250@example.com,2024-02-22,Australia,APAC,6
251,Yuki,Haddad,yuki.haddad251@example.com,2026-05-11,Japan,APAC,8
252,Sam,Ito,sam.ito252@example.com,2024-04-22,Australia,APAC,15
253,Drew,Costa,drew.costa253@example.com,2025-02-26,Canada,NA,14
254,Yuki,Haddad,yuki.haddad254@example.com,2026-05-18,Germany,EMEA,2
255,Sofia,Mueller,sofia.mueller255@example.com,2024-07-31,France,EMEA,16
256,Yuki,Andersen,yuki.andersen256@example.com,2024-06-26,United Kingdom,EMEA,18
257,Drew,Walker,drew.walker257@example.com,2025-11-23,United Kingdom,EMEA,9
258,Omar,Park,omar.park258@example.com,2024-09-09,Canada,NA,10
259,Jamie,Khan,jamie.khan259@example.com,2024-10-22,Japan,APAC,16
260,Drew,Park,drew.park260@example.com,2025-07-27,United Kingdom,EMEA,9
261,Quinn,Garcia,quinn.garcia261@example.com,2025-11-23,France,EMEA,13
262,Reese,Mueller,reese.mueller262@example.com,2024-02-13,United Kingdom,EMEA,3
263,Reese,Schmidt,reese.schmidt263@example.com,2024-09-19,Australia,APAC,7
264,Riley,Walker,riley.walker264@example.com,2025-07-29,United Kingdom,EMEA,5
265,Taylor,Haddad,taylor.haddad265@example.com,2025-08-23,Australia,APAC,2
266,Lars,Silva,lars.silva266@example.com,2025-10-15,Canada,NA,4
267,Cameron,Rossi,cameron.rossi267@example.com,2025-04-28,Australia,APAC,5
268,Alex,Walker,alex.walker268@example.com,2025-02-20,Canada,NA,16
269,Noor,Tanaka,noor.tanaka269@example.com,2024-10-21,Japan,APAC,2
270,Jordan,Ito,jordan.ito270@example.com,2025-07-01,Canada,NA,2
271,Casey,Costa,casey.costa271@example.com,2024-06-29,Japan,APAC,2
272,Skyler,Park,skyler.park272@example.com,2026-02-05,Canada,NA,10
273,Sam,Smith,sam.smith273@example.com,2025-08-04,United Kingdom,EMEA,11
274,Quinn,Schmidt,quinn.schmidt274@example.com,2025-07-10,Australia,APAC,5
275,Yuki,Schmidt,yuki.schmidt275@example.com,2024-07-16,United Kingdom,EMEA,11
276,Casey,Schmidt,casey.schmidt276@example.com,2024-09-20,Australia,APAC,1
277,Drew,Khan,drew.khan277@example.com,2025-11-21,France,EMEA,6
278,Omar,Andersen,omar.andersen278@example.com,2025-03-13,Japan,APAC,3
279,Skyler,Garcia,skyler.garcia279@example.com,2024-05-23,Canada,NA,8
280,Alex,Wilson,alex.wilson280@example.com,2024-08-29,Germany,EMEA,9
281,Drew,Khan,drew.khan281@example.com,2026-01-10,France,EMEA,9
282,Ines,Nguyen,ines.nguyen282@example.com,2024-08-29,Australia,APAC,4
283,Hayden,Khan,hayden.khan283@example.com,2025-02-19,Canada,NA,10
284,Sofia,Garcia,sofia.garcia284@example.com,2024-10-29,Australia,APAC,8
285,Jamie,Mueller,jamie.mueller285@example.com,2024-06-05,Germany,EMEA,20
286,Reese,Costa,reese.costa286@example.com,2025-07-16,Australia,APAC,18
287,Lars,Tanaka,lars.tanaka287@example.com,2024-09-10,Japan,APAC,20
288,Jordan,Silva,jordan.silva288@example.com,2025-06-24,Germany,EMEA,3
289,Mia,Garcia,mia.garcia289@example.com,2026-04-28,United States,NA,17
290,Riley,Ito,riley.ito290@example.com,2024-06-02,France,EMEA,17
291,Hayden,Garcia,hayden.garcia291@example.com,2024-07-29,Australia,APAC,16
292,Jordan,Silva,jordan.silva292@example.com,2026-04-08,Germany,EMEA,5
293,Yuki,Costa,yuki.costa293@example.com,2025-07-31,Germany,EMEA,15
294,Lars,Khan,lars.khan294@example.com,2024-01-23,Australia,APAC,1
295,Riley,Ito,riley.ito295@example.com,2024-02-16,United States,NA,3
296,Liam,Johnson,liam.johnson296@example.com,2025-04-28,United States,NA,14
297,Casey,Mueller,casey.mueller297@example.com,2025-10-18,Japan,APAC,14
298,Reese,Andersen,reese.andersen298@example.com,2025-01-21,Germany,EMEA,18
299,Morgan,Nguyen,morgan.nguyen299@example.com,2024-07-01,United States,NA,13
300,Yuki,Mueller,yuki.mueller300@example.com,2024-08-16,Australia,APAC,1
301,Quinn,Schmidt,quinn.schmidt301@example.com,2026-01-06,Australia,APAC,18
302,Skyler,Brown,skyler.brown302@example.com,2025-04-16,Canada,NA,9
303,Riley,Garcia,riley.garcia303@example.com,2026-04-08,United States,NA,20
304,Alex,Brown,alex.brown304@example.com,2024-03-09,Canada,NA,2
305,Hayden,Haddad,hayden.haddad305@example.com,2025-12-21,Australia,APAC,8
306,Sam,Andersen,sam.andersen306@example.com,2024-08-27,Germany,EMEA,2
307,Morgan,Silva,morgan.silva307@example.com,2024-08-27,United Kingdom,EMEA,19
308,Drew,Ito,drew.ito308@example.com,2026-03-02,France,EMEA,11
309,Jamie,Khan,jamie.khan309@example.com,2025-11-07,Canada,NA,14
310,Quinn,Wilson,quinn.wilson310@example.com,2025-07-24,United States,NA,6
311,Ines,Costa,ines.costa311@example.com,2025-05-22,France,EMEA,12
312,Ines,Andersen,ines.andersen312@example.com,2025-06-21,Japan,APAC,14
313,Cameron,Mueller,cameron.mueller313@example.com,2025-01-20,United Kingdom,EMEA,18
314,Noor,Brown,noor.brown314@example.com,2024-08-18,Japan,APAC,5
315,Hayden,Johnson,hayden.johnson315@example.com,2025-02-26,France,EMEA,18
316,Yuki,Mueller,yuki.mueller316@example.com,2024-09-05,Germany,EMEA,11
317,Ines,Lee,ines.lee317@example.com,2026-05-17,Germany,EMEA,18
318,Riley,Johnson,riley.johnson318@example.com,2025-01-21,United Kingdom,EMEA,20
319,Sam,Lee,sam.lee319@example.com,2026-04-03,Canada,NA,18
320,Riley,Park,riley.park320@example.com,2024-12-06,Canada,NA,1
321,Riley,Tanaka,riley.tanaka321@example.com,2024-04-30,Australia,APAC,16
322,Jamie,Haddad,jamie.haddad322@example.com,2024-07-28,Australia,APAC,8
323,Liam,Rossi,liam.rossi323@example.com,2024-10-16,Japan,APAC,18
324,Ines,Nguyen,ines.nguyen324@example.com,2024-09-24,United Kingdom,EMEA,16
325,Hayden,Garcia,hayden.garcia325@example.com,2026-01-09,Japan,APAC,11
326,Riley,Nguyen,riley.nguyen326@example.com,2025-02-27,United Kingdom,EMEA,8
327,Morgan,Smith,morgan.smith327@example.com,2025-07-20,United Kingdom,EMEA,19
328,Cameron,Khan,cameron.khan328@example.com,2024-07-19,Canada,NA,13
329,Mia,Brown,mia.brown329@example.com,2025-07-17,Germany,EMEA,11
330,Avery,Park,avery.park330@example.com,2025-10-19,Australia,APAC,15
331,Casey,Nguyen,casey.nguyen331@example.com,2024-05-23,Canada,NA,16
332,Casey,Walker,casey.walker332@example.com,2024-03-01,Australia,APAC,3
333,Lars,Johnson,lars.johnson333@example.com,2024-01-07,Japan,APAC,8
334,Jordan,Mueller,jordan.mueller334@example.com,2024-08-11,United States,NA,12
335,Sam,Haddad,sam.haddad335@example.com,2025-11-13,Australia,APAC,16
336,Lars,Park,lars.park336@example.com,2024-01-07,United States,NA,14
337,Alex,Smith,alex.smith337@example.com,2026-01-09,France,EMEA,10
338,Alex,Silva,alex.silva338@example.com,2025-12-15,Japan,APAC,6
339,Taylor,Garcia,taylor.garcia339@example.com,2024-06-01,France,EMEA,20
340,Yuki,Wilson,yuki.wilson340@example.com,2024-12-28,Japan,APAC,13
341,Jordan,Nguyen,jordan.nguyen341@example.com,2025-04-15,Germany,EMEA,8
342,Quinn,Lee,quinn.lee342@example.com,2026-05-28,Australia,APAC,2
343,Jordan,Andersen,jordan.andersen343@example.com,2025-01-21,Germany,EMEA,2
344,Ines,Smith,ines.smith344@example.com,2024-06-24,Australia,APAC,14
345,Ines,Rossi,ines.rossi345@example.com,2026-05-28,France,EMEA,17
346,Sam,Brown,sam.brown346@example.com,2025-12-09,Canada,NA,16
347,Avery,Johnson,avery.johnson347@example.com,2025-12-01,United States,NA,18
348,Mia,Johnson,mia.johnson348@example.com,2026-05-20,Canada,NA,7
349,Mia,Mueller,mia.mueller349@example.com,2026-04-20,Japan,APAC,13
350,Jordan,Khan,jordan.khan350@example.com,2025-07-31,Canada,NA,13
351,Lars,Walker,lars.walker351@example.com,2025-01-28,United Kingdom,EMEA,5
352,Sofia,Lee,sofia.lee352@example.com,2026-02-02,France,EMEA,2
353,Taylor,Costa,taylor.costa353@example.com,2026-05-08,Canada,NA,20
354,Omar,Haddad,omar.haddad354@example.com,2026-03-03,Germany,EMEA,9
355,Hayden,Park,hayden.park355@example.com,2024-12-30,Canada,NA,13
356,Cameron,Dubois,cameron.dubois356@example.com,2025-08-22,Australia,APAC,3
357,Omar,Khan,omar.khan357@example.com,2024-09-09,Japan,APAC,3
358,Avery,Mueller,avery.mueller358@example.com,2025-12-29,Germany,EMEA,5
359,Skyler,Rossi,skyler.rossi359@example.com,2024-04-19,United Kingdom,EMEA,10
360,Hayden,Nguyen,hayden.nguyen360@example.com,2024-10-03,Japan,APAC,3
361,Casey,Costa,casey.costa361@example.com,2025-07-24,Germany,EMEA,14
362,Taylor,Smith,taylor.smith362@example.com,2024-12-28,United States,NA,20
363,Omar,Rossi,omar.rossi363,2025-01-29,Japan,APAC,14
364,Skyler,Lee,skyler.lee364@example.com,2025-07-26,Australia,APAC,8
365,Mia,Silva,mia.silva365@example.com,2025-12-02,Canada,NA,5
366,Avery,Khan,avery.khan366@example.com,2025-05-19,United Kingdom,EMEA,6
367,Cameron,Wilson,cameron.wilson367@example.com,2024-11-02,Germany,EMEA,3
368,Reese,Wilson,reese.wilson368@example.com,2026-01-08,Canada,NA,20
369,Omar,Tanaka,omar.tanaka369@example.com,2024-04-19,Germany,EMEA,1
370,Skyler,Rossi,skyler.rossi370@example.com,2025-09-27,Japan,APAC,11
371,Hayden,Rossi,hayden.rossi371@example.com,2026-04-15,Germany,EMEA,20
372,Morgan,Khan,morgan.khan372@example.com,2025-09-09,United Kingdom,EMEA,7
373,Noor,Rossi,noor.rossi373@example.com,2025-02-11,Canada,NA,10
374,Sofia,Park,sofia.park374@example.com,2026-03-11,France,EMEA,13
375,Avery,Andersen,avery.andersen375@example.com,2024-04-26,United Kingdom,EMEA,7
376,Mia,Walker,mia.walker376@example.com,2025-11-29,Canada,NA,1
377,Hayden,Tanaka,hayden.tanaka377@example.com,2026-03-27,Germany,EMEA,3
378,Cameron,Park,cameron.park378@example.com,2025-10-10,Canada,NA,9
379,Lars,Mueller,lars.mueller379@example.com,2025-03-09,Australia,APAC,3
380,Hayden,Haddad,hayden.haddad380@example.com,2025-08-19,Germany,EMEA,17
381,Sofia,Costa,sofia.costa381@example.com,2024-02-07,France,EMEA,12
382,Sofia,Walker,sofia.walker382@example.com,2025-10-15,France,EMEA,4
383,Jamie,Nguyen,jamie.nguyen383@example.com,2025-10-24,Canada,NA,19
384,Ines,Andersen,ines.andersen384@example.com,2024-12-05,Japan,APAC,14
385,Taylor,Smith,taylor.smith385@example.com,2024-09-21,United States,NA,17
386,Liam,Ito,liam.ito386@example.com,2025-08-12,Australia,APAC,12
387,Skyler,Schmidt,skyler.schmidt387@example.com,2025-11-26,Japan,APAC,17
388,Morgan,Nguyen,morgan.nguyen388@example.com,2025-05-09,United States,NA,14
389,Jordan,Garcia,jordan.garcia389@example.com,2026-01-17,Japan,APAC,10
390,Drew,Schmidt,drew.schmidt390@example.com,2024-07-30,Japan,APAC,12
391,Noor,Garcia,noor.garcia391@example.com,2026-01-09,Germany,EMEA,11
392,Jordan,Khan,jordan.khan392@example.com,2026-04-09,United States,NA,1
393,Drew,Garcia,drew.garcia393@example.com,2026-03-30,Australia,APAC,8
394,Yuki,Dubois,yuki.dubois394@example.com,2024-06-12,France,EMEA,14
395,Hayden,Brown,hayden.brown395@example.com,2025-02-18,Japan,APAC,6
396,Ines,Costa,ines.costa396@example.com,2024-01-30,Germany,EMEA,7
397,Hayden,Ito,hayden.ito397,2025-02-02,Germany,EMEA,7
398,Riley,Wilson,riley.wilson398@example.com,2025-12-21,Japan,APAC,3
399,Mia,Garcia,mia.garcia399@example.com,2025-07-03,Japan,APAC,11
400,Riley,Schmidt,riley.schmidt400@example.com,2024-09-25,United States,NA,16
401,Yuki,Rossi,yuki.rossi401@example.com,2025-02-01,France,EMEA,19
402,Taylor,Nguyen,taylor.nguyen402@example.com,2026-05-15,United Kingdom,EMEA,6
403,Lars,Khan,lars.khan403@example.com,2025-08-27,France,EMEA,5
404,Drew,Garcia,drew.garcia404@example.com,2024-11-08,Canada,NA,12
405,Sofia,Mueller,sofia.mueller405@example.com,2025-02-01,France,EMEA,5
406,Mia,Andersen,mia.andersen406@example.com,2024-07-09,Germany,EMEA,18
407,Sofia,Dubois,sofia.dubois407@example.com,2024-06-19,France,EMEA,5
408,Casey,Rossi,casey.rossi408@example.com,2025-04-06,Japan,APAC,12
409,Alex,Park,alex.park409@example.com,2024-07-18,Canada,NA,18
410,Yuki,Park,yuki.park410@example.com,2025-12-02,Germany,EMEA,15
411,Noor,Dubois,noor.dubois411@example.com,2025-08-01,United States,NA,8
412,Quinn,Johnson,quinn.johnson412@example.com,2024-08-18,United Kingdom,EMEA,6
413,Hayden,Ito,hayden.ito413@example.com,2026-03-02,Australia,APAC,18
414,Yuki,Garcia,yuki.garcia414@example.com,2024-04-26,France,EMEA,18
415,Reese,Walker,reese.walker415@example.com,2026-02-13,Japan,APAC,15
416,Liam,Tanaka,liam.tanaka416@example.com,2024-04-14,Germany,EMEA,8
417,Quinn,Johnson,quinn.johnson417@example.com,2024-09-26,Germany,EMEA,3
418,Hayden,Garcia,hayden.garcia418@example.com,2026-04-11,Japan,APAC,19
419,Sofia,Nguyen,sofia.nguyen419@example.com,2025-12-28,Japan,APAC,14
420,Casey,Haddad,casey.haddad420@example.com,2026-03-14,Canada,NA,7
421,Sam,Ito,sam.ito421@example.com,2025-06-29,United Kingdom,EMEA,18
422,Casey,Rossi,casey.rossi422@example.com,2024-10-26,Australia,APAC,9
423,Yuki,Garcia,yuki.garcia423@example.com,2026-02-07,Canada,NA,2
424,Avery,Mueller,avery.mueller424@example.com,2024-05-15,Australia,APAC,11
425,Jamie,Andersen,jamie.andersen425@example.com,2024-05-25,Germany,EMEA,9
426,Ines,Costa,ines.costa426@example.com,2025-04-07,Germany,EMEA,3
427,Skyler,Silva,skyler.silva427@example.com,2024-10-11,Australia,APAC,12
428,Hayden,Park,hayden.park428,2025-08-18,United Kingdom,EMEA,3
429,Hayden,Nguyen,hayden.nguyen429@example.com,2024-03-05,Japan,APAC,13
430,Riley,Costa,riley.costa430@example.com,2024-08-04,Japan,APAC,11
431,Quinn,Rossi,quinn.rossi431@example.com,2025-08-14,France,EMEA,16
432,Drew,Johnson,drew.johnson432@example.com,2024-04-11,United States,NA,15
433,Alex,Garcia,alex.garcia433@example.com,2024-06-10,Japan,APAC,1
434,Cameron,Tanaka,cameron.tanaka434@example.com,2024-05-15,Australia,APAC,10
435,Casey,Wilson,casey.wilson435@example.com,2025-11-01,United States,NA,3
436,Reese,Dubois,reese.dubois436@example.com,2025-02-09,United States,NA,8
437,Cameron,Lee,cameron.lee437,2024-04-07,Australia,APAC,16
438,Jordan,Mueller,jordan.mueller438@example.com,2024-08-19,France,EMEA,15
439,Alex,Smith,alex.smith439@example.com,2024-12-17,Australia,APAC,14
440,Sofia,Mueller,sofia.mueller440@example.com,2024-03-13,Germany,EMEA,3
441,Taylor,Garcia,taylor.garcia441@example.com,2025-01-11,United Kingdom,EMEA,5
442,Skyler,Mueller,skyler.mueller442@example.com,2025-11-24,Australia,APAC,17
443,Mia,Smith,mia.smith443@example.com,2025-10-27,France,EMEA,12
444,Riley,Mueller,riley.mueller444@example.com,2025-09-22,Germany,EMEA,7
445,Jordan,Garcia,jordan.garcia445@example.com,2026-02-09,Canada,NA,13
446,Reese,Costa,reese.costa446@example.com,2026-03-21,United Kingdom,EMEA,9
447,Ines,Lee,ines.lee447@example.com,2025-07-20,Canada,NA,20
448,Quinn,Smith,quinn.smith448@example.com,2026-05-17,Japan,APAC,10
449,Riley,Silva,riley.silva449@example.com,2025-06-05,France,EMEA,13
450,Quinn,Johnson,quinn.johnson450@example.com,2026-03-23,Japan,APAC,16
451,Skyler,Garcia,skyler.garcia451@example.com,2025-05-26,Canada,NA,3
452,Yuki,Smith,yuki.smith452@example.com,2024-11-20,United Kingdom,EMEA,19
453,Cameron,Nguyen,cameron.nguyen453@example.com,2025-11-30,France,EMEA,16
454,Jordan,Smith,jordan.smith454,2024-03-10,France,EMEA,7
455,Sam,Johnson,sam.johnson455@example.com,2025-02-11,Japan,APAC,17
456,Cameron,Costa,cameron.costa456@example.com,2025-02-15,Australia,APAC,18
457,Liam,Haddad,liam.haddad457@example.com,2024-10-11,Canada,NA,3
458,Yuki,Tanaka,yuki.tanaka458@example.com,2024-06-08,Japan,APAC,13
459,Mia,Lee,mia.lee459@example.com,2025-12-16,United Kingdom,EMEA,8
460,Sam,Brown,sam.brown460@example.com,2025-03-20,United States,NA,20
461,Omar,Johnson,omar.johnson461@example.com,2025-11-13,United Kingdom,EMEA,6
462,Taylor,Smith,taylor.smith462@example.com,2024-05-20,Australia,APAC,6
463,Noor,Nguyen,noor.nguyen463@example.com,2025-06-13,France,EMEA,9
464,Casey,Nguyen,casey.nguyen464@example.com,2026-02-06,Canada,NA,9
465,Taylor,Smith,taylor.smith465@example.com,2026-04-06,United Kingdom,EMEA,17
466,Jordan,Wilson,jordan.wilson466@example.com,2025-08-13,Australia,APAC,16
467,Hayden,Silva,hayden.silva467@example.com,2024-02-26,United Kingdom,EMEA,19
468,Casey,Nguyen,casey.nguyen468@example.com,2024-09-18,Canada,NA,19
469,Lars,Garcia,lars.garcia469@example.com,2026-01-28,Canada,NA,2
470,Alex,Brown,alex.brown470@example.com,2025-04-28,United States,NA,5
471,Casey,Johnson,casey.johnson471@example.com,2026-04-02,France,EMEA,14
472,Jamie,Rossi,jamie.rossi472@example.com,2025-03-02,Canada,NA,11
473,Avery,Lee,avery.lee473@example.com,2025-01-16,France,EMEA,2
474,Casey,Brown,casey.brown474@example.com,2025-06-12,Japan,APAC,13
475,Jordan,Schmidt,jordan.schmidt475@example.com,2024-10-16,Japan,APAC,10
476,Drew,Lee,drew.lee476,2025-04-12,France,EMEA,7
477,Quinn,Ito,quinn.ito477@example.com,2024-11-07,Japan,APAC,8
478,Hayden,Nguyen,hayden.nguyen478@example.com,2025-05-20,France,EMEA,7
479,Liam,Brown,liam.brown479@example.com,2024-01-07,Canada,NA,1
480,Jamie,Walker,jamie.walker480@example.com,2025-10-13,United Kingdom,EMEA,1
481,Drew,Smith,drew.smith481@example.com,2025-11-04,Japan,APAC,10
482,Taylor,Tanaka,taylor.tanaka482@example.com,2024-08-31,France,EMEA,2
483,Morgan,Wilson,morgan.wilson483@example.com,2024-02-14,United States,NA,17
484,Cameron,Nguyen,cameron.nguyen484@example.com,2026-02-04,Germany,EMEA,4
485,Yuki,Mueller,yuki.mueller485@example.com,2026-04-19,Australia,APAC,19
486,Mia,Johnson,mia.johnson486@example.com,2025-11-09,Germany,EMEA,8
487,Quinn,Wilson,quinn.wilson487@example.com,2024-11-18,Japan,APAC,13
488,Sofia,Rossi,sofia.rossi488@example.com,2025-04-08,United Kingdom,EMEA,3
489,Riley,Mueller,riley.mueller489@example.com,2026-02-27,Japan,APAC,5
490,Taylor,Dubois,taylor.dubois490@example.com,2025-04-22,Germany,EMEA,4
491,Liam,Nguyen,liam.nguyen491@example.com,2024-07-31,Japan,APAC,15
492,Avery,Garcia,avery.garcia492@example.com,2024-06-10,United States,NA,10
493,Sofia,Haddad,sofia.haddad493@example.com,2024-08-08,United States,NA,11
494,Morgan,Lee,morgan.lee494@example.com,2024-09-11,Australia,APAC,13
495,Yuki,Johnson,yuki.johnson495@example.com,2024-11-02,Australia,APAC,6
496,Alex,Andersen,alex.andersen496@example.com,2025-04-08,Japan,APAC,18
497,Jamie,Garcia,jamie.garcia497@example.com,2024-04-14,Germany,EMEA,5
498,Taylor,Smith,taylor.smith498@example.com,2026-04-30,United States,NA,8
499,Morgan,Tanaka,morgan.tanaka499@example.com,2025-02-14,Japan,APAC,3
500,Mia,Ito,mia.ito500@example.com,2026-04-12,United Kingdom,EMEA,3
501,Riley,Schmidt,riley.schmidt501@example.com,2024-05-11,Japan,APAC,11
502,Taylor,Johnson,taylor.johnson502@example.com,2024-02-21,Germany,EMEA,19
503,Cameron,Andersen,cameron.andersen503@example.com,2024-01-31,Germany,EMEA,14
504,Casey,Nguyen,casey.nguyen504@example.com,2024-07-10,Canada,NA,15
505,Morgan,Johnson,morgan.johnson505@example.com,2025-09-26,France,EMEA,10
506,Noor,Costa,noor.costa506@example.com,2025-05-05,France,EMEA,9
507,Skyler,Mueller,skyler.mueller507@example.com,2024-07-23,Germany,EMEA,17
508,Jamie,Walker,jamie.walker508@example.com,2024-01-20,Japan,APAC,12
509,Noor,Walker,noor.walker509@example.com,2025-05-11,Japan,APAC,19
510,Yuki,Rossi,yuki.rossi510@example.com,2024-10-03,Germany,EMEA,11
511,Omar,Brown,omar.brown511@example.com,2026-04-10,United States,NA,2
512,Noor,Silva,noor.silva512@example.com,2026-02-24,United Kingdom,EMEA,8
513,Casey,Garcia,casey.garcia513@example.com,2025-11-03,Canada,NA,18
514,Sam,Brown,sam.brown514@example.com,2026-05-16,France,EMEA,13
515,Reese,Dubois,reese.dubois515@example.com,2024-08-30,Canada,NA,12
516,Mia,Smith,mia.smith516@example.com,2025-12-18,Australia,APAC,19
517,Mia,Mueller,mia.mueller517@example.com,2024-07-11,France,EMEA,16
518,Liam,Khan,liam.khan518@example.com,2025-05-17,Canada,NA,2
519,Jamie,Haddad,jamie.haddad519@example.com,2024-01-21,Canada,NA,1
520,Drew,Haddad,drew.haddad520@example.com,2026-04-05,Canada,NA,6
521,Drew,Johnson,drew.johnson521@example.com,2024-05-31,United States,NA,5
522,Taylor,Silva,taylor.silva522@example.com,2025-01-08,Japan,APAC,12
523,Sofia,Andersen,sofia.andersen523@example.com,2024-04-13,France,EMEA,11
524,Morgan,Dubois,morgan.dubois524@example.com,2025-03-23,Australia,APAC,16
525,Ines,Rossi,ines.rossi525@example.com,2025-12-25,Canada,NA,20
526,Reese,Brown,reese.brown526@example.com,2025-08-26,Australia,APAC,13
527,Quinn,Khan,quinn.khan527@example.com,2024-06-30,Canada,NA,19
528,Skyler,Ito,skyler.ito528@example.com,2024-07-05,United States,NA,20
529,Jamie,Ito,jamie.ito529@example.com,2025-05-23,United States,NA,3
530,Jamie,Nguyen,jamie.nguyen530@example.com,2024-06-20,United Kingdom,EMEA,3
531,Sofia,Rossi,sofia.rossi531@example.com,2024-01-12,Germany,EMEA,8
532,Sofia,Lee,sofia.lee532@example.com,2024-09-19,United Kingdom,EMEA,1
533,Sam,Andersen,sam.andersen533@example.com,2026-01-20,Germany,EMEA,6
534,Cameron,Park,cameron.park534@example.com,2024-12-25,Germany,EMEA,4
535,Noor,Ito,noor.ito535@example.com,2026-02-15,Australia,APAC,6
536,Hayden,Lee,hayden.lee536@example.com,2026-05-16,Japan,APAC,1
537,Drew,Wilson,drew.wilson537@example.com,2024-03-16,United States,NA,13
538,Casey,Lee,casey.lee538@example.com,2024-04-05,France,EMEA,20
539,Noor,Smith,noor.smith539@example.com,2025-10-31,Germany,EMEA,14
540,Casey,Johnson,casey.johnson540@example.com,2024-12-05,United States,NA,7
541,Cameron,Walker,cameron.walker541@example.com,2026-01-17,Australia,APAC,10
542,Quinn,Brown,quinn.brown542@example.com,2024-02-20,United States,NA,18
543,Noor,Mueller,noor.mueller543,2025-01-04,United States,NA,3
544,Quinn,Haddad,quinn.haddad544@example.com,2024-07-23,Germany,EMEA,7
545,Casey,Khan,casey.khan545@example.com,2025-04-29,United States,NA,10
546,Skyler,Park,skyler.park546@example.com,2025-11-07,Germany,EMEA,18
547,Skyler,Dubois,skyler.dubois547@example.com,2025-01-25,United Kingdom,EMEA,15
548,Sam,Wilson,sam.wilson548@example.com,2025-04-21,Germany,EMEA,9
549,Mia,Johnson,mia.johnson549@example.com,2026-02-09,Canada,NA,4
550,Jordan,Nguyen,jordan.nguyen550@example.com,2025-07-08,Japan,APAC,19
551,Jamie,Walker,jamie.walker551@example.com,2026-05-10,United States,NA,17
552,Cameron,Walker,cameron.walker552@example.com,2025-05-01,Australia,APAC,8
553,Noor,Khan,noor.khan553@example.com,2025-02-08,United States,NA,2
554,Yuki,Ito,yuki.ito554@example.com,2026-03-30,France,EMEA,20
555,Morgan,Garcia,morgan.garcia555@example.com,2025-04-04,Japan,APAC,6
556,Riley,Tanaka,riley.tanaka556@example.com,2024-02-13,Canada,NA,14
557,Riley,Mueller,riley.mueller557@example.com,2025-09-01,Japan,APAC,3
558,Jordan,Andersen,jordan.andersen558@example.com,2025-02-10,France,EMEA,9
559,Yuki,Schmidt,yuki.schmidt559@example.com,2024-01-13,Japan,APAC,20
560,Mia,Silva,mia.silva560@example.com,2025-03-05,Japan,APAC,5
561,Morgan,Ito,morgan.ito561@example.com,2025-08-19,France,EMEA,4
562,Taylor,Ito,taylor.ito562@example.com,2024-04-13,Japan,APAC,18
563,Reese,Costa,reese.costa563@example.com,2025-01-27,United Kingdom,EMEA,19
564,Omar,Park,omar.park564@example.com,2024-06-25,United States,NA,5
565,Omar,Haddad,omar.haddad565@example.com,2025-12-11,Australia,APAC,13
566,Drew,Brown,drew.brown566@example.com,2026-02-02,United States,NA,9
567,Reese,Smith,reese.smith567@example.com,2026-04-17,United Kingdom,EMEA,10
568,Avery,Park,avery.park568@example.com,2025-12-13,Japan,APAC,8
569,Morgan,Khan,morgan.khan569@example.com,2025-03-29,Australia,APAC,11
570,Avery,Costa,avery.costa570@example.com,2025-10-23,France,EMEA,15
571,Riley,Costa,riley.costa571@example.com,2025-05-11,Australia,APAC,12
572,Sam,Silva,sam.silva572@example.com,2024-06-11,Japan,APAC,17
573,Skyler,Mueller,skyler.mueller573@example.com,2026-05-21,Japan,APAC,19
574,Alex,Dubois,alex.dubois574@example.com,2026-05-02,Canada,NA,2
575,Jamie,Johnson,jamie.johnson575@example.com,2024-02-21,Germany,EMEA,7
576,Avery,Nguyen,avery.nguyen576@example.com,2025-04-20,Japan,APAC,4
577,Lars,Smith,lars.smith577@example.com,2025-01-16,Canada,NA,15
578,Casey,Park,casey.park578@example.com,2025-07-18,France,EMEA,6
579,Avery,Lee,avery.lee579@example.com,2024-01-29,United Kingdom,EMEA,6
580,Mia,Tanaka,mia.tanaka580@example.com,2024-08-14,Japan,APAC,7
581,Avery,Costa,avery.costa581@example.com,2024-01-21,France,EMEA,1
582,Noor,Mueller,noor.mueller582@example.com,2024-06-26,Australia,APAC,1
583,Jamie,Wilson,jamie.wilson583@example.com,2026-04-04,France,EMEA,9
584,Cameron,Andersen,cameron.andersen584@example.com,2024-12-23,Japan,APAC,7
585,Hayden,Khan,hayden.khan585@example.com,2025-06-17,Australia,APAC,13
586,Mia,Garcia,mia.garcia586@example.com,2025-06-07,United States,NA,12
587,Liam,Haddad,liam.haddad587@example.com,2024-10-16,France,EMEA,4
588,Noor,Lee,noor.lee588@example.com,2024-10-10,United Kingdom,EMEA,9
589,Avery,Khan,avery.khan589@example.com,2024-06-02,Canada,NA,8
590,Sam,Haddad,sam.haddad590@example.com,2025-11-07,Germany,EMEA,5
591,Alex,Park,alex.park591@example.com,2024-09-22,United Kingdom,EMEA,13
592,Skyler,Johnson,skyler.johnson592@example.com,2025-12-26,France,EMEA,7
593,Drew,Brown,drew.brown593@example.com,2025-07-01,Australia,APAC,16
594,Lars,Nguyen,lars.nguyen594@example.com,2024-11-03,France,EMEA,18
595,Casey,Khan,casey.khan595@example.com,2025-04-27,United States,NA,9
596,Liam,Dubois,liam.dubois596@example.com,2024-12-09,Australia,APAC,8
597,Reese,Brown,reese.brown597@example.com,2024-11-10,Australia,APAC,11
598,Reese,Wilson,reese.wilson598@example.com,2024-10-28,France,EMEA,4
599,Noor,Johnson,noor.johnson599@example.com,2025-10-11,Japan,APAC,20
600,Jordan,Park,jordan.park600@example.com,2025-05-27,Canada,NA,13
601,Yuki,Khan,yuki.khan601@example.com,2024-02-25,Germany,EMEA,5
602,Morgan,Tanaka,morgan.tanaka602@example.com,2025-02-23,United Kingdom,EMEA,15
603,Morgan,Rossi,morgan.rossi603@example.com,2026-01-02,Japan,APAC,3
604,Noor,Rossi,noor.rossi604@example.com,2024-06-30,Australia,APAC,2
605,Alex,Schmidt,alex.schmidt605@example.com,2024-08-02,United Kingdom,EMEA,6
606,Mia,Dubois,mia.dubois606@example.com,2026-03-15,Germany,EMEA,3
607,Morgan,Haddad,morgan.haddad607@example.com,2025-10-10,Germany,EMEA,14
608,Noor,Andersen,noor.andersen608@example.com,2024-02-08,United States,NA,12
609,Alex,Rossi,alex.rossi609@example.com,2026-05-03,Japan,APAC,1
610,Lars,Smith,lars.smith610@example.com,2026-01-21,Australia,APAC,12
611,Quinn,Mueller,quinn.mueller611@example.com,2025-01-27,United States,NA,10
612,Casey,Lee,casey.lee612@example.com,2024-02-16,Japan,APAC,10
613,Hayden,Silva,hayden.silva613@example.com,2025-06-20,France,EMEA,5
614,Drew,Park,drew.park614@example.com,2026-02-07,United Kingdom,EMEA,13
615,Alex,Brown,alex.brown615@example.com,2026-01-14,Canada,NA,7
616,Alex,Ito,alex.ito616@example.com,2024-06-22,France,EMEA,2
617,Skyler,Wilson,skyler.wilson617@example.com,2025-07-01,Japan,APAC,20
618,Sam,Garcia,sam.garcia618,2026-05-06,Australia,APAC,4
619,Cameron,Schmidt,cameron.schmidt619@example.com,2024-05-06,Germany,EMEA,16
620,Sofia,Mueller,sofia.mueller620@example.com,2025-12-12,Canada,NA,1
621,Quinn,Costa,quinn.costa621@example.com,2024-04-13,Australia,APAC,9
622,Omar,Haddad,omar.haddad622@example.com,2024-05-20,Australia,APAC,4
623,Yuki,Haddad,yuki.haddad623@example.com,2024-10-16,United States,NA,4
624,Noor,Tanaka,noor.tanaka624@example.com,2024-07-23,France,EMEA,17
625,Riley,Nguyen,riley.nguyen625@example.com,2025-02-23,Australia,APAC,2
626,Liam,Park,liam.park626@example.com,2025-12-05,Canada,NA,11
627,Jamie,Smith,jamie.smith627@example.com,2025-11-18,United States,NA,4
628,Mia,Park,mia.park628@example.com,2024-04-02,Canada,NA,3
629,Taylor,Wilson,taylor.wilson629@example.com,2024-08-24,Australia,APAC,10
630,Avery,Schmidt,avery.schmidt630@example.com,2024-04-12,United States,NA,2
631,Quinn,Nguyen,quinn.nguyen631@example.com,2025-11-24,Japan,APAC,4
632,Taylor,Johnson,taylor.johnson632@example.com,2026-05-22,United States,NA,6
633,Drew,Nguyen,drew.nguyen633@example.com,2025-09-28,Germany,EMEA,3
634,Reese,Rossi,reese.rossi634@example.com,2024-04-26,Canada,NA,15
635,Avery,Andersen,avery.andersen635@example.com,2026-05-21,Australia,APAC,14
636,Ines,Dubois,ines.dubois636@example.com,2024-05-15,United States,NA,2
637,Casey,Garcia,casey.garcia637@example.com,2025-08-27,Germany,EMEA,19
638,Lars,Schmidt,lars.schmidt638@example.com,2025-09-17,Canada,NA,12
639,Omar,Smith,omar.smith639@example.com,2025-12-01,Japan,APAC,5
640,Noor,Park,noor.park640@example.com,2025-02-25,United States,NA,3
641,Avery,Rossi,avery.rossi641@example.com,2025-12-22,United States,NA,17
642,Mia,Ito,mia.ito642@example.com,2025-11-16,Canada,NA,17
643,Yuki,Haddad,yuki.haddad643@example.com,2025-03-19,United States,NA,8
644,Noor,Nguyen,noor.nguyen644@example.com,2025-11-23,Australia,APAC,5
645,Liam,Haddad,liam.haddad645@example.com,2024-01-12,United States,NA,6
646,Yuki,Park,yuki.park646@example.com,2025-05-22,Japan,APAC,3
647,Noor,Rossi,noor.rossi647@example.com,2024-12-04,Canada,NA,2
648,Yuki,Brown,yuki.brown648@example.com,2025-10-20,France,EMEA,8
649,Jordan,Schmidt,jordan.schmidt649@example.com,2026-03-31,Germany,EMEA,3
650,Noor,Schmidt,noor.schmidt650@example.com,2024-05-01,United Kingdom,EMEA,1
651,Taylor,Andersen,taylor.andersen651@example.com,2024-02-06,Germany,EMEA,1
652,Jordan,Haddad,jordan.haddad652@example.com,2025-10-14,France,EMEA,17
653,Liam,Tanaka,liam.tanaka653@example.com,2025-11-18,Australia,APAC,11
654,Reese,Johnson,reese.johnson654@example.com,2024-08-16,Japan,APAC,11
655,Liam,Haddad,liam.haddad655@example.com,2025-04-29,France,EMEA,12
656,Sofia,Schmidt,sofia.schmidt656@example.com,2024-04-09,United States,NA,8
657,Alex,Rossi,alex.rossi657@example.com,2026-04-29,United Kingdom,EMEA,10
658,Liam,Silva,liam.silva658@example.com,2025-12-19,United Kingdom,EMEA,6
659,Noor,Mueller,noor.mueller659@example.com,2026-01-04,Japan,APAC,14
660,Taylor,Wilson,taylor.wilson660@example.com,2024-07-19,France,EMEA,13
661,Riley,Schmidt,riley.schmidt661@example.com,2026-03-11,Japan,APAC,11
662,Taylor,Costa,taylor.costa662@example.com,2025-10-10,United States,NA,19
663,Taylor,Schmidt,taylor.schmidt663@example.com,2025-11-05,Germany,EMEA,17
664,Morgan,Park,morgan.park664@example.com,2025-06-27,United States,NA,18
665,Cameron,Ito,cameron.ito665@example.com,2025-06-04,Germany,EMEA,6
666,Sofia,Ito,sofia.ito666@example.com,2026-01-18,Canada,NA,4
667,Skyler,Haddad,skyler.haddad667@example.com,2024-11-25,France,EMEA,13
668,Cameron,Haddad,cameron.haddad668@example.com,2026-02-19,Australia,APAC,13
669,Drew,Khan,drew.khan669@example.com,2026-04-04,Germany,EMEA,14
670,Omar,Silva,omar.silva670@example.com,2026-05-13,United Kingdom,EMEA,11
671,Sofia,Walker,sofia.walker671@example.com,2024-08-10,Australia,APAC,20
672,Sofia,Khan,sofia.khan672@example.com,2024-12-19,Australia,APAC,5
673,Sofia,Dubois,sofia.dubois673@example.com,2025-07-09,France,EMEA,11
674,Sofia,Garcia,sofia.garcia674@example.com,2024-12-26,Japan,APAC,19
675,Mia,Costa,mia.costa675@example.com,2026-02-04,Australia,APAC,18
676,Quinn,Costa,quinn.costa676@example.com,2024-01-14,Japan,APAC,1
677,Skyler,Mueller,skyler.mueller677@example.com,2025-11-17,United States,NA,9
678,Casey,Khan,casey.khan678@example.com,2024-09-13,Australia,APAC,2
679,Sofia,Khan,sofia.khan679@example.com,2026-02-10,Canada,NA,12
680,Hayden,Garcia,hayden.garcia680@example.com,2025-11-22,France,EMEA,8
681,Ines,Walker,ines.walker681@example.com,2024-08-31,Germany,EMEA,10
682,Sofia,Johnson,sofia.johnson682@example.com,2025-01-31,Germany,EMEA,11
683,Liam,Johnson,liam.johnson683@example.com,2026-01-31,United States,NA,20
684,Hayden,Brown,hayden.brown684@example.com,2025-12-22,Australia,APAC,12
685,Mia,Walker,mia.walker685@example.com,2025-09-09,Australia,APAC,7
686,Quinn,Schmidt,quinn.schmidt686@example.com,2025-11-30,Canada,NA,6
687,Yuki,Garcia,yuki.garcia687@example.com,2024-02-11,Germany,EMEA,18
688,Avery,Mueller,avery.mueller688@example.com,2025-08-21,Canada,NA,1
689,Drew,Schmidt,drew.schmidt689@example.com,2024-06-07,Australia,APAC,11
690,Omar,Johnson,omar.johnson690@example.com,2025-10-02,Japan,APAC,10
691,Noor,Ito,noor.ito691@example.com,2025-01-01,France,EMEA,11
692,Yuki,Brown,yuki.brown692@example.com,2025-06-17,Canada,NA,17
693,Casey,Costa,casey.costa693@example.com,2025-07-03,France,EMEA,12
694,Jamie,Tanaka,jamie.tanaka694@example.com,2024-12-05,Australia,APAC,10
695,Riley,Haddad,riley.haddad695@example.com,2025-05-01,France,EMEA,1
696,Taylor,Nguyen,taylor.nguyen696@example.com,2024-09-03,Germany,EMEA,20
697,Omar,Brown,omar.brown697@example.com,2025-11-29,United States,NA,13
698,Taylor,Andersen,taylor.andersen698@example.com,2025-07-07,United Kingdom,EMEA,1
699,Yuki,Nguyen,yuki.nguyen699@example.com,2026-04-02,France,EMEA,16
700,Sam,Khan,sam.khan700@example.com,2024-07-16,Australia,APAC,3
701,Taylor,Dubois,taylor.dubois701@example.com,2025-07-04,Japan,APAC,3
702,Riley,Tanaka,riley.tanaka702@example.com,2025-12-02,Japan,APAC,4
703,Riley,Walker,riley.walker703@example.com,2025-12-20,Japan,APAC,14
704,Ines,Lee,ines.lee704@example.com,2025-12-03,Australia,APAC,15
705,Sofia,Rossi,sofia.rossi705@example.com,2024-03-30,United States,NA,6
706,Avery,Walker,avery.walker706@example.com,2025-08-11,United States,NA,9
707,Cameron,Andersen,cameron.andersen707@example.com,2025-10-07,Germany,EMEA,11
708,Alex,Andersen,alex.andersen708@example.com,2024-05-01,Australia,APAC,20
709,Jordan,Ito,jordan.ito709@example.com,2025-12-18,United States,NA,12
710,Yuki,Garcia,yuki.garcia710@example.com,2026-03-16,United Kingdom,EMEA,20
711,Jordan,Khan,jordan.khan711@example.com,2025-03-24,Japan,APAC,1
712,Noor,Dubois,noor.dubois712@example.com,2024-08-13,France,EMEA,13
713,Liam,Khan,liam.khan713@example.com,2024-05-27,Australia,APAC,12
714,Alex,Walker,alex.walker714@example.com,2025-07-22,Japan,APAC,2
715,Alex,Ito,alex.ito715@example.com,2025-02-07,France,EMEA,3
716,Quinn,Tanaka,quinn.tanaka716@example.com,2026-01-29,Australia,APAC,12
717,Riley,Costa,riley.costa717@example.com,2026-05-21,Australia,APAC,6
718,Casey,Brown,casey.brown718@example.com,2026-05-04,France,EMEA,4
719,Casey,Ito,casey.ito719@example.com,2024-02-25,Japan,APAC,18
720,Hayden,Walker,hayden.walker720@example.com,2024-10-24,United States,NA,9
721,Taylor,Tanaka,taylor.tanaka721@example.com,2025-08-17,Australia,APAC,11
722,Reese,Mueller,reese.mueller722@example.com,2025-11-02,Australia,APAC,10
723,Omar,Lee,omar.lee723@example.com,2024-11-21,Canada,NA,11
724,Omar,Khan,omar.khan724@example.com,2025-08-21,Australia,APAC,19
725,Reese,Rossi,reese.rossi725,2024-06-21,Germany,EMEA,8
726,Jamie,Costa,jamie.costa726@example.com,2026-05-10,United Kingdom,EMEA,11
727,Noor,Schmidt,noor.schmidt727@example.com,2025-01-02,Germany,EMEA,16
728,Liam,Garcia,liam.garcia728@example.com,2025-10-23,Canada,NA,9
729,Morgan,Walker,morgan.walker729@example.com,2024-09-26,Canada,NA,3
730,Jordan,Smith,jordan.smith730@example.com,2025-06-03,Japan,APAC,19
731,Mia,Andersen,mia.andersen731@example.com,2025-08-27,Japan,APAC,2
732,Liam,Wilson,liam.wilson732@example.com,2025-07-06,France,EMEA,5
733,Reese,Andersen,reese.andersen733@example.com,2026-03-01,Canada,NA,10
734,Morgan,Schmidt,morgan.schmidt734@example.com,2025-06-06,France,EMEA,12
735,Yuki,Smith,yuki.smith735@example.com,2024-09-01,Australia,APAC,20
736,Lars,Dubois,lars.dubois736@example.com,2025-06-10,Japan,APAC,6
737,Casey,Ito,casey.ito737@example.com,2025-11-06,France,EMEA,5
738,Noor,Nguyen,noor.nguyen738@example.com,2024-08-12,United States,NA,8
739,Jordan,Wilson,jordan.wilson739@example.com,2024-08-27,United Kingdom,EMEA,7
740,Yuki,Nguyen,yuki.nguyen740@example.com,2025-04-25,Germany,EMEA,2
741,Sam,Rossi,sam.rossi741@example.com,2025-12-21,United States,NA,9
742,Avery,Ito,avery.ito742@example.com,2025-08-06,France,EMEA,13
743,Reese,Ito,reese.ito743@example.com,2026-05-05,Australia,APAC,9
744,Skyler,Brown,skyler.brown744@example.com,2025-02-19,France,EMEA,12
745,Noor,Park,noor.park745@example.com,2024-01-07,France,EMEA,5
746,Hayden,Dubois,hayden.dubois746@example.com,2024-03-19,Canada,NA,9
747,Riley,Mueller,riley.mueller747@example.com,2024-06-10,Canada,NA,4
748,Lars,Brown,lars.brown748@example.com,2026-04-10,Germany,EMEA,4
749,Noor,Park,noor.park749@example.com,2024-08-03,Germany,EMEA,14
750,Alex,Brown,alex.brown750@example.com,2024-05-10,United States,NA,6
751,Morgan,Silva,morgan.silva751@example.com,2025-08-09,United States,NA,6
752,Avery,Dubois,avery.dubois752@example.com,2025-02-19,France,EMEA,19
753,Ines,Smith,ines.smith753@example.com,2026-01-15,Australia,APAC,10
754,Jordan,Tanaka,jordan.tanaka754@example.com,2025-09-13,Germany,EMEA,16
755,Casey,Brown,casey.brown755@example.com,2025-02-24,Japan,APAC,19
756,Casey,Haddad,casey.haddad756@example.com,2025-06-07,Australia,APAC,11
757,Hayden,Haddad,hayden.haddad757@example.com,2024-03-11,France,EMEA,13
758,Morgan,Garcia,morgan.garcia758@example.com,2024-07-26,United States,NA,17
759,Lars,Costa,lars.costa759@example.com,2024-06-02,Japan,APAC,6
760,Noor,Haddad,noor.haddad760@example.com,2024-02-09,France,EMEA,18
761,Yuki,Garcia,yuki.garcia761@example.com,2025-05-08,United States,NA,20
762,Liam,Smith,liam.smith762@example.com,2025-11-25,Japan,APAC,17
763,Cameron,Nguyen,cameron.nguyen763@example.com,2024-02-14,Japan,APAC,14
764,Jamie,Park,jamie.park764@example.com,2026-02-26,Japan,APAC,19
765,Sofia,Ito,sofia.ito765@example.com,2025-03-11,United States,NA,16
766,Jamie,Lee,jamie.lee766@example.com,2025-09-04,United Kingdom,EMEA,14
767,Avery,Tanaka,avery.tanaka767@example.com,2025-12-27,United States,NA,1
768,Mia,Silva,mia.silva768,2025-06-16,United States,NA,7
769,Sofia,Rossi,sofia.rossi769@example.com,2025-01-05,Germany,EMEA,14
770,Ines,Ito,ines.ito770@example.com,2024-09-24,United Kingdom,EMEA,14
771,Mia,Nguyen,mia.nguyen771@example.com,2024-10-09,France,EMEA,13
772,Riley,Costa,riley.costa772@example.com,2026-03-13,France,EMEA,6
773,Reese,Walker,reese.walker773@example.com,2025-05-10,France,EMEA,10
774,Mia,Nguyen,mia.nguyen774@example.com,2025-12-23,Japan,APAC,5
775,Lars,Garcia,lars.garcia775@example.com,2024-08-23,Australia,APAC,6
776,Taylor,Tanaka,taylor.tanaka776@example.com,2025-02-14,France,EMEA,18
777,Omar,Johnson,omar.johnson777@example.com,2025-02-02,Canada,NA,1
778,Jordan,Mueller,jordan.mueller778@example.com,2025-09-06,Germany,EMEA,3
779,Avery,Brown,avery.brown779@example.com,2024-03-22,United Kingdom,EMEA,13
780,Skyler,Haddad,skyler.haddad780@example.com,2025-06-17,Australia,APAC,20
781,Sam,Dubois,sam.dubois781@example.com,2025-05-21,Australia,APAC,7
782,Lars,Silva,lars.silva782@example.com,2024-07-18,United Kingdom,EMEA,20
783,Yuki,Silva,yuki.silva783@example.com,2024-08-25,Australia,APAC,2
784,Reese,Brown,reese.brown784@example.com,2024-01-01,Australia,APAC,3
785,Avery,Andersen,avery.andersen785@example.com,2025-11-16,United Kingdom,EMEA,19
786,Riley,Silva,riley.silva786@example.com,2026-01-24,United States,NA,3
787,Liam,Khan,liam.khan787@example.com,2026-04-29,Australia,APAC,19
788,Reese,Nguyen,reese.nguyen788@example.com,2024-10-10,Japan,APAC,7
789,Hayden,Andersen,hayden.andersen789@example.com,2024-01-05,France,EMEA,14
790,Yuki,Garcia,yuki.garcia790@example.com,2024-03-15,France,EMEA,11
791,Taylor,Silva,taylor.silva791@example.com,2025-07-04,United Kingdom,EMEA,19
792,Avery,Schmidt,avery.schmidt792@example.com,2025-07-30,Germany,EMEA,8
793,Drew,Schmidt,drew.schmidt793@example.com,2025-04-16,Australia,APAC,1
794,Noor,Garcia,noor.garcia794@example.com,2024-03-10,United Kingdom,EMEA,8
795,Lars,Brown,lars.brown795@example.com,2024-11-19,Japan,APAC,12
796,Yuki,Walker,yuki.walker796@example.com,2025-12-18,United States,NA,8
797,Quinn,Lee,quinn.lee797@example.com,2025-11-20,Germany,EMEA,11
798,Jordan,Walker,jordan.walker798@example.com,2025-05-02,Canada,NA,7
799,Mia,Wilson,mia.wilson799@example.com,2026-02-03,Canada,NA,7
800,Noor,Tanaka,noor.tanaka800@example.com,2026-01-23,Canada,NA,9
