order_id,customer_id,store_id,order_ts,status,channel
1,1,20,2024-11-05T13:09:49,pending,web
2,2,12,2026-05-13T17:20:31,completed,store
3,2,17,2026-02-16T15:20:44,completed,mobile_app
4,2,8,2025-05-15T12:30:39,returned,store
5,3,18,2026-03-04T14:54:24,completed,web
6,3,9,2026-05-09T16:54:36,completed,store
7,3,4,2025-06-26T15:47:21,pending,mobile_app
8,4,6,2025-11-08T20:18:22,cancelled,mobile_app
9,4,11,2024-06-09T14:40:39,pending,web
10,5,8,2024-07-30T18:16:47,completed,mobile_app
11,6,17,2024-04-02T20:05:06,pending,store
12,6,12,2024-04-05T21:58:20,completed,mobile_app
13,7,5,2025-06-10T12:00:00,completed,store
14,7,13,2025-07-10T21:24:14,completed,web
15,8,9,2026-03-15T19:39:31,returned,store
16,9,5,2026-03-06T08:31:13,completed,web
17,9,3,2026-04-08T16:30:11,pending,store
18,9,4,2026-03-30T16:42:13,completed,mobile_app
19,10,11,2025-12-23T08:10:50,cancelled,store
20,10,8,2025-11-12T10:31:05,completed,web
21,10,15,2025-12-31T16:18:34,completed,store
22,10,17,2025-08-25T14:46:11,pending,mobile_app
23,10,16,2025-11-30T20:35:09,returned,mobile_app
24,10,17,2026-03-11T17:44:37,cancelled,store
25,10,2,2026-04-21T13:35:47,pending,mobile_app
26,10,8,2025-12-01T17:40:11,returned,mobile_app
27,11,14,2026-03-01T20:40:27,pending,store
28,11,17,2026-02-08T10:56:19,returned,web
29,11,15,2025-12-04T13:09:08,completed,web
30,11,10,2025-11-03T08:46:51,returned,mobile_app
31,11,8,2026-03-02T10:03:43,returned,mobile_app
32,12,16,2025-12-10T16:12:31,pending,web
33,12,20,2025-12-25T18:01:49,completed,store
34,12,4,2026-05-19T19:03:15,cancelled,web
35,13,1,2024-10-31T14:37:57,cancelled,mobile_app
36,13,13,2025-04-04T11:24:32,pending,mobile_app
37,14,1,2026-02-05T08:15:59,returned,mobile_app
38,15,11,2026-05-31T22:25:42,completed,web
39,15,18,2026-06-01T10:13:41,completed,store
40,15,11,2026-06-01T09:35:34,returned,web
41,15,15,2026-05-31T19:59:52,completed,store
42,15,12,2026-05-30T09:44:49,cancelled,web
43,15,7,2026-05-31T20:13:04,completed,web
44,15,20,2026-06-01T19:36:38,completed,store
45,15,14,2026-05-31T12:39:58,completed,web
46,16,5,2026-05-10T14:26:20,cancelled,mobile_app
47,17,12,2026-04-23T09:33:45,completed,mobile_app
48,18,7,2024-12-20T08:39:48,completed,web
49,19,8,2026-01-12T22:35:17,returned,web
50,19,20,2026-01-22T17:50:35,cancelled,mobile_app
51,20,18,2025-06-30T09:18:30,pending,store
52,20,20,2026-01-29T22:50:45,cancelled,mobile_app
53,20,6,2026-04-15T22:39:14,completed,store
54,20,10,2025-06-01T12:50:04,cancelled,web
55,20,16,2025-11-12T22:30:51,pending,store
56,21,2,2026-05-08T21:33:19,completed,mobile_app
57,21,11,2026-04-22T19:02:17,pending,store
58,22,16,2025-01-26T19:55:33,completed,store
59,22,4,2025-09-22T08:19:59,cancelled,mobile_app
60,22,10,2024-10-08T08:36:48,completed,mobile_app
61,22,18,2024-12-17T16:06:13,completed,mobile_app
62,22,14,2025-09-18T14:11:45,completed,web
63,23,11,2026-02-27T20:55:56,completed,mobile_app
64,23,4,2026-03-29T13:35:41,completed,store
65,23,6,2026-04-26T15:24:04,completed,mobile_app
66,23,15,2025-12-18T13:35:06,returned,mobile_app
67,23,5,2026-05-31T15:34:18,completed,mobile_app
68,24,10,2026-01-07T08:23:57,pending,web
69,24,5,2025-12-16T12:55:42,pending,store
70,24,15,2025-08-24T22:50:44,cancelled,store
71,24,2,2026-03-21T08:36:30,returned,store
72,24,19,2026-05-31T12:39:03,cancelled,mobile_app
73,24,2,2025-11-12T19:59:38,completed,web
74,24,17,2026-02-18T09:54:50,completed,web
75,24,8,2025-10-26T15:11:51,pending,mobile_app
76,25,2,2026-04-23T10:29:25,pending,web
77,25,2,2026-04-03T09:58:34,completed,mobile_app
78,26,6,2025-06-24T13:35:00,returned,store
79,26,10,2025-12-01T12:12:02,completed,mobile_app
80,26,3,2025-04-10T21:38:08,cancelled,web
81,27,3,2026-03-03T12:49:03,completed,web
82,27,4,2026-02-04T22:28:45,returned,mobile_app
83,27,5,2026-05-30T19:21:57,completed,store
84,28,3,2025-02-04T13:34:54,completed,web
85,29,15,2025-12-10T19:12:08,completed,web
86,29,16,2026-03-13T16:53:51,cancelled,store
87,30,16,2025-11-04T22:58:39,cancelled,web
88,30,4,2026-01-16T15:39:10,completed,store
89,30,3,2025-12-27T09:17:09,completed,store
90,31,19,2025-07-09T22:18:26,cancelled,mobile_app
91,32,10,2026-01-30T13:26:00,completed,mobile_app
92,32,10,2024-07-08T11:27:16,cancelled,store
93,32,15,2024-09-09T17:37:20,completed,web
94,33,13,2025-10-15T13:08:29,completed,web
95,34,6,2026-03-13T20:21:14,completed,store
96,35,14,2025-08-12T19:55:15,completed,web
97,35,2,2025-08-20T14:33:25,cancelled,mobile_app
98,36,10,2026-01-07T10:45:29,completed,mobile_app
99,36,3,2026-05-21T17:56:21,returned,web
100,36,18,2026-04-06T19:04:35,completed,web
101,36,9,2026-03-01T16:43:27,completed,store
102,36,3,2026-04-28T11:57:56,returned,store
103,36,18,2026-03-19T22:08:30,completed,mobile_app
104,36,17,2026-03-27T21:35:28,completed,mobile_app
105,36,6,2026-05-20T21:45:44,completed,web
106,37,15,2025-08-24T16:10:34,completed,store
107,37,5,2026-01-04T20:36:46,completed,mobile_app
108,37,3,2025-06-17T16:54:28,completed,web
109,38,14,2025-12-05T13:24:23,completed,web
110,38,14,2025-09-22T20:28:18,cancelled,store
111,38,11,2025-11-06T09:59:37,completed,mobile_app
112,38,18,2026-03-30T19:29:14,completed,store
113,38,10,2025-08-06T14:11:31,cancelled,mobile_app
114,39,16,2026-04-21T19:52:07,cancelled,mobile_app
115,39,14,2026-03-25T18:58:22,completed,store
116,40,20,2024-07-08T20:10:34,pending,web
117,40,11,2026-03-10T22:58:10,completed,store
118,40,4,2025-03-05T21:08:59,completed,web
119,41,6,2026-03-17T19:19:01,returned,store
120,41,14,2025-08-31T19:48:50,completed,web
121,41,17,2025-07-10T17:03:30,completed,mobile_app
122,41,19,2025-07-18T22:12:11,returned,web
123,41,1,2025-07-05T16:13:45,pending,mobile_app
124,42,4,2025-06-13T10:53:22,completed,mobile_app
125,42,13,2025-11-06T12:29:38,completed,web
126,42,4,2024-12-19T14:28:33,cancelled,store
127,43,3,2024-10-24T13:12:21,cancelled,web
128,43,13,2026-02-27T13:30:42,returned,store
129,43,5,2026-03-23T12:39:39,cancelled,store
130,44,7,2026-05-29T12:42:31,pending,store
131,44,10,2026-05-27T22:45:10,returned,mobile_app
132,45,20,2026-05-11T18:22:49,returned,store
133,45,2,2026-05-02T18:15:15,completed,store
134,47,14,2026-01-24T12:01:44,returned,mobile_app
135,47,12,2025-09-15T14:12:31,returned,store
136,48,20,2026-02-11T19:05:45,pending,web
137,48,6,2026-04-21T22:01:40,pending,mobile_app
138,48,7,2026-02-14T21:26:17,completed,web
139,48,14,2026-02-27T14:41:57,completed,mobile_app
140,48,18,2026-05-22T10:41:54,pending,store
141,48,14,2026-04-04T22:23:42,completed,web
142,48,17,2026-03-14T12:31:56,cancelled,mobile_app
143,48,13,2026-01-24T20:47:47,pending,mobile_app
144,49,11,2026-01-03T16:27:30,cancelled,web
145,49,2,2026-03-14T19:58:50,returned,web
146,50,3,2025-12-27T22:52:48,completed,store
147,50,14,2026-04-07T22:53:21,completed,mobile_app
148,52,3,2025-02-16T09:10:15,completed,mobile_app
149,55,7,2025-11-27T12:44:54,completed,store
150,55,14,2025-08-09T20:58:59,cancelled,mobile_app
151,56,7,2026-01-04T14:11:26,pending,store
152,56,5,2025-10-29T21:20:44,completed,store
153,56,20,2025-09-18T14:19:25,completed,mobile_app
154,56,11,2025-11-27T08:08:31,completed,web
155,56,18,2026-05-25T21:59:42,pending,web
156,57,5,2025-10-16T09:22:05,pending,mobile_app
157,57,6,2026-05-16T14:58:04,pending,mobile_app
158,58,5,2026-05-15T08:05:29,completed,store
159,58,3,2026-04-01T14:16:11,returned,store
160,59,10,2025-07-31T22:43:38,pending,store
161,60,20,2025-10-12T10:27:40,pending,store
162,61,8,2026-05-25T16:27:18,cancelled,store
163,62,14,2026-02-28T22:45:19,completed,web
164,63,1,2024-04-26T08:25:07,completed,mobile_app
165,63,12,2024-11-14T19:43:44,returned,mobile_app
166,63,18,2025-03-30T11:05:19,pending,mobile_app
167,63,4,2024-03-01T18:54:45,completed,web
168,63,3,2025-08-21T12:57:41,completed,mobile_app
169,64,15,2025-10-02T10:56:18,returned,mobile_app
170,64,7,2026-03-09T16:03:01,completed,web
171,65,12,2026-02-14T20:02:49,completed,store
172,65,15,2025-11-22T20:32:31,cancelled,store
173,66,1,2024-11-01T11:53:51,completed,store
174,67,15,2026-03-23T21:33:50,completed,store
175,68,2,2026-04-27T18:45:51,completed,mobile_app
176,68,13,2026-05-04T20:12:56,completed,mobile_app
177,68,1,2026-05-11T08:56:50,cancelled,web
178,69,8,2025-06-29T20:47:37,completed,store
179,69,5,2025-08-13T15:13:28,completed,store
180,70,16,2026-03-29T19:26:52,completed,store
181,70,6,2025-12-27T16:23:58,completed,web
182,71,12,2024-07-16T12:18:31,completed,store
183,71,16,2025-01-02T08:07:35,completed,web
184,72,15,2026-05-05T18:28:09,cancelled,store
185,72,1,2026-05-28T17:40:50,completed,mobile_app
186,72,6,2026-04-10T08:17:50,cancelled,mobile_app
187,74,6,2025-02-05T14:01:55,completed,store
188,74,13,2026-01-25T09:20:09,completed,store
189,74,14,2025-02-27T18:14:58,completed,web
190,74,15,2025-06-29T09:54:40,returned,store
191,74,13,2025-11-27T13:53:40,completed,mobile_app
192,75,20,2024-11-07T16:51:20,completed,web
193,75,1,2026-01-03T17:30:00,completed,mobile_app
194,75,3,2026-03-16T20:56:41,completed,mobile_app
195,76,1,2026-01-24T09:29:23,completed,web
196,76,10,2026-05-21T20:45:14,returned,mobile_app
197,76,19,2025-11-22T16:31:10,pending,store
198,77,14,2026-01-20T21:26:17,completed,store
199,77,18,2025-03-18T15:20:00,completed,store
200,79,11,2025-01-26T21:16:15,returned,mobile_app
201,79,20,2026-05-12T15:48:06,completed,mobile_app
202,80,10,2026-01-28T21:24:25,returned,web
203,81,20,2026-01-08T17:06:21,pending,store
204,81,19,2026-03-15T10:40:32,pending,web
205,82,5,2026-01-01T15:19:38,pending,web
206,83,16,2025-07-04T19:44:29,completed,mobile_app
207,83,13,2025-09-14T11:25:11,cancelled,store
208,83,5,2025-01-26T12:28:12,returned,web
209,84,11,2025-08-05T22:13:19,cancelled,web
210,84,11,2025-08-04T17:27:40,cancelled,store
211,84,5,2024-09-05T21:32:37,cancelled,store
212,85,16,2026-04-11T15:17:37,completed,mobile_app
213,86,10,2024-09-22T15:33:22,pending,web
214,86,13,2025-09-29T08:11:28,completed,store
215,87,12,2025-10-12T08:34:12,completed,web
216,87,13,2026-01-14T14:52:37,pending,store
217,87,19,2026-04-22T20:35:48,completed,mobile_app
218,87,12,2025-08-27T13:14:26,completed,mobile_app
219,87,11,2025-11-27T17:28:40,completed,web
220,88,17,2025-12-30T09:29:03,completed,mobile_app
221,89,10,2026-04-23T14:52:45,completed,web
222,89,2,2026-05-25T19:05:18,completed,mobile_app
223,89,9,2026-04-27T22:40:34,pending,web
224,89,9,2026-05-19T11:32:02,completed,web
225,89,3,2026-05-26T09:35:42,completed,store
226,89,18,2026-04-19T19:25:10,completed,web
227,89,18,2026-04-24T11:28:44,cancelled,web
228,89,20,2026-05-06T08:03:49,completed,web
229,90,2,2026-04-09T14:32:06,cancelled,web
230,90,13,2026-04-29T18:20:00,completed,web
231,90,11,2026-04-20T18:44:24,completed,mobile_app
232,91,1,2025-05-24T11:01:39,returned,mobile_app
233,91,7,2025-10-16T10:24:13,completed,store
234,92,1,2025-05-04T11:54:46,cancelled,store
235,92,1,2024-09-09T09:55:31,completed,mobile_app
236,93,8,2026-02-04T16:05:27,returned,web
237,94,14,2025-07-08T16:39:47,completed,store
238,94,16,2025-10-23T09:21:08,returned,mobile_app
239,95,19,2026-06-01T10:12:48,completed,store
240,95,5,2026-02-07T12:38:29,cancelled,mobile_app
241,95,13,2026-03-16T14:45:37,completed,mobile_app
242,95,13,2025-10-29T17:19:46,returned,mobile_app
243,95,14,2025-04-05T16:26:41,completed,mobile_app
244,96,7,2024-05-22T12:57:55,cancelled,web
245,97,9,2025-10-26T20:00:42,completed,web
246,97,13,2026-05-29T14:39:03,completed,mobile_app
247,97,16,2026-01-03T16:26:42,completed,mobile_app
248,98,16,2025-10-14T18:54:44,completed,store
249,98,10,2025-11-07T21:43:35,completed,web
250,99,16,2024-11-22T22:42:07,cancelled,store
251,99,11,2025-12-17T14:58:45,completed,mobile_app
252,99,1,2025-05-05T12:03:37,returned,mobile_app
253,100,10,2024-09-12T16:44:07,returned,store
254,101,2,2026-05-28T22:55:49,completed,mobile_app
255,101,13,2025-10-04T09:33:46,pending,store
256,101,10,2025-11-21T22:09:13,cancelled,store
257,101,6,2025-06-23T22:03:06,completed,store
258,101,6,2025-09-10T18:47:24,cancelled,mobile_app
259,102,1,2026-04-28T09:07:05,completed,store
260,103,6,2026-05-06T14:30:41,completed,mobile_app
261,104,6,2026-02-21T21:38:44,cancelled,web
262,104,18,2026-04-19T12:54:48,completed,web
263,104,8,2026-03-21T12:02:33,cancelled,web
264,105,7,2025-08-20T10:19:54,completed,web
265,105,13,2026-02-09T15:05:16,cancelled,web
266,105,13,2025-10-15T08:38:15,completed,store
267,106,9,2025-12-04T10:55:51,completed,store
268,107,12,2026-03-31T19:36:55,completed,mobile_app
269,107,9,2026-03-18T08:43:32,returned,web
270,108,6,2026-02-18T15:22:51,cancelled,store
271,108,3,2025-11-22T10:36:03,cancelled,web
272,108,14,2026-03-09T18:32:59,pending,web
273,109,12,2026-04-16T11:47:42,returned,mobile_app
274,109,10,2025-02-18T12:13:00,completed,store
275,109,14,2025-04-25T15:12:05,completed,web
276,110,1,2026-01-25T13:56:55,cancelled,store
277,111,7,2025-10-01T15:42:17,completed,mobile_app
278,112,13,2026-04-01T10:07:06,returned,mobile_app
279,113,14,2024-07-18T17:47:00,cancelled,store
280,113,7,2026-04-08T15:45:50,pending,store
281,113,13,2025-01-15T08:17:12,completed,web
282,114,17,2026-01-27T14:41:03,completed,web
283,115,16,2025-08-16T12:58:38,completed,store
284,115,1,2025-05-01T18:35:49,completed,mobile_app
285,115,20,2025-04-18T09:02:37,completed,web
286,116,7,2025-05-04T14:35:45,completed,web
287,116,5,2025-05-17T12:02:36,returned,store
288,117,13,2025-11-11T14:38:17,completed,mobile_app
289,118,9,2025-07-19T16:07:10,completed,mobile_app
290,119,18,2025-06-17T09:00:41,pending,web
291,119,9,2025-10-05T10:16:01,completed,mobile_app
292,120,6,2025-08-26T15:11:52,completed,store
293,121,3,2025-05-22T14:15:29,completed,web
294,121,18,2024-11-20T19:52:21,pending,web
295,121,5,2025-09-21T11:03:34,completed,store
296,122,10,2024-12-25T11:58:56,completed,mobile_app
297,122,14,2026-04-08T16:21:38,completed,web
298,123,9,2026-04-26T20:58:45,cancelled,store
299,124,13,2025-04-09T15:46:50,completed,web
300,124,11,2025-11-28T10:51:41,pending,mobile_app
301,124,17,2025-11-17T17:49:44,cancelled,store
302,125,2,2026-03-16T22:22:23,completed,web
303,126,13,2026-01-01T19:01:44,cancelled,web
304,127,16,2026-03-11T19:08:47,completed,web
305,127,18,2026-03-14T19:53:16,cancelled,store
306,128,13,2025-11-20T10:03:51,cancelled,store
307,128,4,2024-11-05T09:13:38,completed,mobile_app
308,129,2,2025-12-28T17:50:30,returned,mobile_app
309,130,13,2025-12-03T19:22:08,completed,store
310,130,16,2025-04-03T17:55:54,returned,store
311,130,5,2026-03-24T20:45:10,completed,web
312,130,10,2026-05-08T16:55:51,completed,web
313,130,12,2025-04-25T13:05:04,completed,mobile_app
314,130,12,2026-01-07T21:18:25,completed,web
315,130,1,2026-03-15T10:54:06,pending,mobile_app
316,130,4,2025-05-16T22:59:25,completed,web
317,131,2,2024-12-15T22:51:23,returned,store
318,132,9,2026-03-01T10:53:03,completed,mobile_app
319,132,16,2025-12-01T16:44:50,completed,store
320,132,19,2025-07-15T17:09:20,cancelled,mobile_app
321,132,15,2025-06-07T18:37:06,completed,web
322,132,7,2025-09-24T18:36:00,completed,web
323,133,14,2025-12-18T16:48:21,pending,mobile_app
324,133,14,2026-03-14T18:18:44,completed,store
325,134,7,2026-04-06T21:30:07,completed,web
326,134,8,2025-07-30T08:57:58,pending,store
327,134,14,2024-11-10T10:40:24,pending,mobile_app
328,135,9,2026-04-21T21:35:10,pending,mobile_app
329,135,5,2026-05-14T15:40:40,completed,web
330,136,19,2026-01-03T21:06:07,cancelled,web
331,139,14,2025-07-12T14:56:20,completed,mobile_app
332,139,9,2025-08-23T22:07:12,returned,mobile_app
333,139,10,2026-05-31T15:47:51,returned,mobile_app
334,139,20,2026-01-10T19:17:52,completed,store
335,139,20,2026-03-30T21:56:41,completed,store
336,139,11,2025-09-20T22:14:35,completed,mobile_app
337,139,3,2026-04-10T17:57:41,pending,mobile_app
338,139,19,2026-04-01T08:18:01,completed,web
339,141,13,2026-05-10T12:44:29,returned,web
340,141,9,2025-09-02T22:50:02,cancelled,web
341,141,13,2026-02-15T12:44:10,cancelled,mobile_app
342,142,17,2026-04-21T11:36:30,completed,mobile_app
343,142,7,2026-02-04T08:42:13,completed,web
344,143,20,2026-03-16T16:12:49,completed,store
345,144,17,2026-04-27T15:22:16,completed,store
346,144,15,2026-05-12T12:23:06,completed,web
347,145,16,2026-01-01T16:27:06,returned,mobile_app
348,146,4,2025-10-20T12:14:56,completed,mobile_app
349,146,8,2025-11-23T10:20:43,pending,mobile_app
350,147,3,2025-02-10T10:43:48,completed,store
351,147,4,2026-04-23T08:52:01,completed,store
352,148,20,2026-04-30T15:07:17,returned,mobile_app
353,149,6,2026-04-29T12:58:43,completed,mobile_app
354,149,16,2025-12-19T22:43:09,completed,web
355,149,14,2026-04-01T13:42:53,completed,web
356,149,5,2025-09-07T19:12:27,cancelled,store
357,149,19,2026-03-05T10:43:49,cancelled,store
358,149,15,2025-12-24T16:11:24,returned,mobile_app
359,149,20,2026-02-25T22:19:50,completed,web
360,149,15,2025-07-28T21:03:05,completed,mobile_app
361,150,19,2024-08-03T18:32:47,completed,mobile_app
362,150,5,2025-01-16T12:40:19,cancelled,mobile_app
363,150,1,2024-12-24T10:38:56,completed,web
364,151,16,2025-03-17T10:52:15,completed,store
365,151,9,2026-04-01T14:24:44,completed,mobile_app
366,152,19,2025-10-25T12:02:41,completed,web
367,152,11,2026-01-27T15:45:54,cancelled,mobile_app
368,153,17,2026-03-15T20:42:33,completed,mobile_app
369,153,4,2026-05-30T18:06:31,completed,web
370,154,4,2025-02-04T19:28:24,completed,store
371,154,7,2026-03-25T09:37:01,pending,mobile_app
372,154,17,2025-12-19T15:12:53,completed,mobile_app
373,155,10,2026-03-11T09:07:31,pending,mobile_app
374,155,18,2026-03-15T17:15:54,completed,web
375,156,3,2024-12-31T20:36:57,completed,store
376,156,1,2025-09-04T22:03:01,pending,web
377,156,14,2025-03-06T16:08:07,completed,mobile_app
378,156,3,2025-07-11T08:08:28,pending,web
379,156,18,2025-01-15T11:31:45,completed,store
380,158,9,2026-03-23T09:13:58,returned,store
381,158,15,2025-10-03T18:48:29,completed,mobile_app
382,158,9,2026-04-23T21:39:24,completed,web
383,158,9,2026-05-14T20:48:37,returned,store
384,158,10,2026-05-25T21:34:29,cancelled,mobile_app
385,159,13,2026-05-19T08:39:17,completed,mobile_app
386,162,19,2025-06-23T09:17:57,completed,web
387,163,8,2025-08-28T08:45:16,returned,mobile_app
388,163,14,2026-05-26T09:41:27,completed,mobile_app
389,164,19,2025-07-16T08:06:38,completed,web
390,165,19,2024-12-02T16:36:40,completed,web
391,165,12,2025-12-12T09:22:35,cancelled,store
392,166,11,2026-03-05T13:07:05,pending,store
393,166,3,2026-01-04T10:32:55,cancelled,web
394,166,10,2026-04-23T20:30:44,cancelled,store
395,168,15,2025-11-22T10:32:46,completed,store
396,168,6,2024-11-24T09:18:17,completed,store
397,170,10,2024-09-12T17:27:46,completed,web
398,170,11,2025-04-01T10:32:21,cancelled,web
399,170,2,2026-03-11T18:40:00,cancelled,mobile_app
400,171,10,2024-12-06T10:12:40,cancelled,store
401,173,2,2025-04-20T14:44:16,cancelled,web
402,173,14,2025-05-01T15:20:15,completed,store
403,174,2,2025-06-27T16:49:20,pending,store
404,175,6,2025-04-12T16:13:49,completed,mobile_app
405,176,11,2026-05-08T22:22:49,pending,mobile_app
406,176,2,2026-05-22T10:18:19,completed,store
407,176,9,2026-05-26T21:05:04,completed,web
408,177,7,2026-04-08T21:38:54,pending,store
409,178,14,2026-01-08T16:17:30,completed,web
410,179,19,2026-03-09T09:41:19,completed,store
411,179,8,2026-03-28T08:49:31,cancelled,mobile_app
412,179,16,2026-05-10T16:31:20,completed,mobile_app
413,180,4,2025-08-24T10:12:28,returned,mobile_app
414,180,14,2025-08-13T14:00:18,cancelled,mobile_app
415,180,12,2026-02-25T17:41:10,completed,mobile_app
416,181,1,2026-04-27T13:26:11,pending,store
417,182,6,2025-10-17T09:22:40,completed,mobile_app
418,183,9,2025-11-29T10:16:36,cancelled,web
419,183,20,2026-05-19T12:51:47,pending,mobile_app
420,184,8,2026-05-22T16:25:24,pending,web
421,185,12,2026-02-14T10:01:55,completed,mobile_app
422,185,17,2025-08-13T11:00:37,completed,store
423,185,19,2025-09-22T21:01:55,cancelled,web
424,186,2,2025-02-26T13:06:54,completed,store
425,186,5,2025-05-12T19:17:05,pending,mobile_app
426,186,12,2025-09-10T09:21:29,completed,mobile_app
427,187,5,2026-05-05T12:03:24,pending,web
428,187,12,2025-10-24T17:23:22,completed,store
429,187,4,2026-02-05T16:42:40,completed,web
430,188,1,2026-02-23T10:26:30,cancelled,store
431,189,14,2026-02-26T19:25:30,returned,mobile_app
432,189,14,2026-05-16T14:49:17,returned,web
433,189,6,2026-04-19T12:19:05,completed,web
434,191,13,2026-01-03T19:13:58,completed,mobile_app
435,192,1,2026-02-15T11:56:38,cancelled,mobile_app
436,193,5,2025-02-11T15:12:02,cancelled,web
437,193,16,2025-09-11T08:16:26,completed,store
438,193,6,2026-01-12T13:08:36,pending,web
439,194,14,2025-10-04T16:48:24,completed,web
440,194,15,2025-07-11T14:03:29,returned,mobile_app
441,194,10,2026-01-03T13:26:01,completed,web
442,194,20,2025-08-19T11:58:52,completed,store
443,194,3,2026-04-18T21:58:27,completed,mobile_app
444,195,16,2025-04-27T11:48:59,completed,mobile_app
445,195,11,2025-08-16T09:14:14,completed,mobile_app
446,195,20,2026-01-28T13:34:24,completed,mobile_app
447,196,7,2026-03-08T19:33:23,completed,web
448,196,16,2026-04-26T11:24:58,completed,mobile_app
449,197,11,2025-12-11T16:34:34,cancelled,web
450,198,14,2025-11-03T14:26:12,completed,mobile_app
451,198,8,2025-09-25T10:36:40,completed,mobile_app
452,198,3,2026-02-26T22:01:13,completed,store
453,199,3,2026-02-12T20:26:16,completed,store
454,199,11,2025-02-18T10:58:15,completed,store
455,199,2,2026-04-02T20:08:09,completed,mobile_app
456,200,19,2024-03-02T12:09:37,pending,web
457,200,19,2025-01-20T21:32:20,cancelled,web
458,201,7,2026-05-30T13:31:29,cancelled,web
459,202,9,2026-05-06T20:47:11,completed,web
460,202,2,2025-04-01T11:14:15,returned,store
461,203,15,2026-02-24T20:41:12,completed,web
462,203,6,2026-04-10T15:00:20,completed,web
463,204,19,2026-04-11T18:09:20,returned,web
464,205,16,2026-02-17T22:54:53,completed,store
465,205,12,2026-03-24T18:51:08,completed,store
466,205,15,2026-02-04T21:17:06,returned,mobile_app
467,206,13,2026-05-23T19:58:45,pending,mobile_app
468,206,14,2026-05-28T21:09:55,pending,mobile_app
469,206,1,2026-05-31T10:49:49,returned,store
470,206,8,2026-05-25T15:23:21,completed,store
471,206,17,2026-05-30T08:58:32,pending,web
472,206,18,2026-05-31T10:51:32,pending,web
473,206,15,2026-05-29T15:56:56,pending,store
474,206,10,2026-05-23T08:39:53,completed,mobile_app
475,207,6,2026-04-18T09:01:34,completed,store
476,208,1,2025-05-31T15:55:47,completed,store
477,208,19,2024-06-10T19:33:07,completed,mobile_app
478,208,9,2025-08-08T16:07:29,completed,store
479,208,14,2025-03-11T21:41:19,completed,web
480,208,6,2024-04-22T17:00:08,completed,web
481,209,1,2026-01-24T15:13:19,pending,web
482,210,6,2026-05-13T09:00:22,returned,web
483,210,9,2025-03-18T10:20:42,completed,store
484,210,19,2025-04-05T16:33:36,cancelled,store
485,211,5,2025-07-25T18:02:53,completed,web
486,211,20,2026-04-11T12:34:28,completed,store
487,212,16,2025-12-22T20:35:29,completed,store
488,212,4,2025-10-01T11:29:53,returned,web
489,212,6,2025-10-30T14:52:56,pending,mobile_app
490,212,6,2026-03-28T18:40:54,completed,web
491,212,10,2026-01-24T11:59:46,cancelled,mobile_app
492,212,9,2026-03-16T10:57:25,completed,web
493,212,17,2025-09-23T12:33:06,cancelled,web
494,212,6,2026-05-14T22:45:44,completed,mobile_app
495,213,9,2026-03-18T22:16:40,pending,mobile_app
496,213,13,2026-05-29T17:33:55,returned,mobile_app
497,213,2,2026-05-03T14:52:51,returned,mobile_app
498,213,15,2026-04-06T20:03:20,completed,store
499,213,4,2026-03-28T22:46:05,pending,store
500,214,18,2025-12-24T12:48:35,completed,mobile_app
501,215,15,2025-07-25T21:02:15,completed,web
502,215,19,2026-01-10T14:40:36,completed,mobile_app
503,216,17,2026-05-10T19:30:34,completed,web
504,216,18,2026-03-05T15:35:41,completed,web
505,216,19,2026-03-05T12:57:46,cancelled,store
506,217,15,2024-09-20T12:34:44,completed,web
507,217,20,2025-12-29T09:33:26,completed,web
508,217,13,2025-04-11T17:44:43,completed,web
509,218,3,2026-03-26T13:28:48,cancelled,mobile_app
510,219,12,2026-02-10T09:10:00,completed,mobile_app
511,219,6,2026-02-27T16:09:52,completed,store
512,220,15,2026-05-21T09:42:35,pending,store
513,220,2,2025-05-17T13:03:58,pending,store
514,220,3,2025-12-24T15:01:31,completed,store
515,220,7,2025-01-01T09:19:57,returned,web
516,220,8,2025-02-15T19:20:04,completed,web
517,221,11,2025-08-19T10:24:52,completed,mobile_app
518,221,9,2026-01-22T14:44:00,completed,mobile_app
519,221,4,2025-09-22T10:57:50,cancelled,web
520,221,3,2025-10-17T16:54:31,completed,web
521,221,20,2025-09-20T13:28:47,completed,store
522,223,15,2026-04-01T11:57:41,completed,store
523,224,15,2025-12-04T08:55:28,completed,mobile_app
524,225,3,2025-07-29T14:33:34,completed,web
525,225,1,2025-05-04T17:03:52,completed,store
526,226,16,2026-03-04T22:57:09,cancelled,store
527,226,18,2025-12-16T21:14:25,completed,store
528,227,13,2025-07-07T10:46:33,completed,mobile_app
529,227,7,2025-08-14T14:09:30,cancelled,store
530,228,7,2026-06-01T13:35:56,completed,web
531,228,19,2026-06-01T20:09:41,cancelled,mobile_app
532,228,1,2026-05-31T22:55:55,completed,web
533,229,12,2026-01-02T17:58:20,pending,web
534,229,5,2025-12-03T22:28:06,completed,mobile_app
535,229,15,2026-05-25T17:36:11,cancelled,store
536,229,10,2025-11-06T19:50:50,cancelled,store
537,229,12,2026-05-27T21:16:12,completed,web
538,229,1,2025-08-03T12:24:12,cancelled,mobile_app
539,229,18,2026-01-22T11:31:18,cancelled,store
540,229,12,2025-11-30T09:09:36,completed,web
541,230,11,2026-02-19T20:42:06,pending,store
542,231,6,2026-03-22T15:18:46,completed,mobile_app
543,231,19,2025-11-02T12:38:26,completed,mobile_app
544,231,15,2025-10-12T08:47:43,cancelled,mobile_app
545,232,11,2025-01-22T15:22:47,returned,store
546,232,15,2025-10-14T21:57:29,pending,store
547,233,9,2025-12-11T13:12:01,completed,web
548,235,5,2025-06-21T11:33:31,returned,store
549,236,10,2026-05-05T13:46:23,completed,mobile_app
550,236,9,2025-12-10T16:21:36,cancelled,store
551,237,4,2026-01-18T14:48:09,completed,mobile_app
552,237,16,2026-04-15T16:09:50,pending,mobile_app
553,238,13,2025-07-22T14:44:52,completed,web
554,238,5,2024-05-12T15:40:24,completed,store
555,239,1,2026-03-23T18:27:41,completed,mobile_app
556,240,5,2026-05-25T09:33:10,completed,web
557,240,13,2026-02-11T19:09:35,completed,mobile_app
558,241,18,2025-02-14T08:03:41,cancelled,mobile_app
559,242,13,2025-04-22T08:32:48,completed,mobile_app
560,242,3,2024-06-03T17:56:23,completed,mobile_app
561,243,15,2024-12-04T17:41:42,completed,web
562,244,1,2025-02-14T12:00:13,completed,mobile_app
563,244,20,2025-10-17T12:50:42,completed,mobile_app
564,245,12,2025-05-04T11:41:12,completed,web
565,245,4,2026-03-24T09:46:15,completed,web
566,246,3,2025-06-09T20:56:17,returned,web
567,246,18,2026-03-18T19:31:50,pending,store
568,247,18,2025-11-07T10:20:47,cancelled,mobile_app
569,247,3,2025-11-25T17:16:56,completed,store
570,248,6,2026-05-23T21:51:36,cancelled,mobile_app
571,248,4,2026-05-25T17:00:16,completed,mobile_app
572,249,1,2026-04-28T22:50:32,pending,web
573,250,7,2025-08-29T08:01:01,cancelled,web
574,250,1,2025-02-22T19:38:19,cancelled,store
575,250,12,2024-03-25T08:16:44,completed,store
576,251,13,2026-05-31T19:21:15,completed,store
577,251,17,2026-05-19T15:11:57,returned,web
578,251,2,2026-05-31T12:11:14,completed,store
579,252,17,2026-04-07T22:44:23,completed,web
580,253,18,2026-02-01T13:35:16,completed,store
581,253,9,2025-04-24T17:33:00,returned,mobile_app
582,254,5,2026-05-28T18:08:54,returned,web
583,254,12,2026-05-21T14:28:38,cancelled,mobile_app
584,255,17,2025-01-08T12:31:49,completed,mobile_app
585,255,9,2026-05-18T14:17:29,completed,store
586,255,3,2026-01-27T12:40:17,returned,mobile_app
587,256,20,2025-08-21T14:42:42,completed,store
588,256,4,2026-02-11T19:46:56,returned,web
589,257,5,2026-03-20T12:38:04,returned,store
590,257,7,2026-04-02T12:03:27,returned,store
591,257,14,2025-12-25T11:02:57,pending,web
592,257,7,2026-01-05T16:39:01,pending,store
593,257,4,2026-01-06T08:15:42,completed,store
594,259,14,2025-05-20T20:56:33,cancelled,store
595,259,13,2025-01-09T10:50:25,returned,mobile_app
596,259,8,2024-11-15T18:44:04,cancelled,mobile_app
597,260,6,2026-01-30T10:14:54,completed,store
598,261,10,2026-01-09T10:33:04,completed,store
599,262,3,2026-05-20T09:49:06,completed,mobile_app
600,263,17,2025-03-13T21:01:32,pending,store
601,264,5,2025-08-19T08:18:29,completed,store
602,265,4,2026-02-27T17:57:26,pending,store
603,266,5,2025-12-31T08:57:14,completed,web
604,266,14,2026-02-11T09:38:18,completed,mobile_app
605,267,2,2026-04-27T08:32:13,returned,store
606,268,11,2025-05-09T18:45:28,pending,store
607,268,19,2025-04-29T11:26:51,completed,store
608,268,8,2026-02-27T15:58:10,completed,web
609,268,8,2026-04-08T21:01:27,returned,web
610,268,18,2025-10-15T16:23:26,completed,web
611,268,8,2025-08-28T15:56:31,completed,store
612,268,1,2025-04-03T10:34:27,pending,mobile_app
613,268,2,2026-01-27T10:57:19,returned,web
614,269,10,2026-04-12T10:04:29,completed,mobile_app
615,269,10,2025-12-05T18:20:13,completed,web
616,270,11,2025-08-07T17:15:45,completed,store
617,271,16,2025-03-14T15:42:25,completed,web
618,271,5,2024-10-02T08:56:08,completed,store
619,271,12,2025-06-15T13:00:06,pending,mobile_app
620,271,2,2026-01-01T12:21:01,pending,store
621,271,9,2025-02-18T14:16:00,cancelled,mobile_app
622,272,10,2026-05-09T20:38:42,pending,mobile_app
623,272,18,2026-05-25T19:21:11,completed,store
624,272,10,2026-03-23T16:44:35,completed,store
625,272,11,2026-02-27T09:32:49,completed,store
626,272,11,2026-02-13T10:33:52,completed,web
627,273,2,2026-02-08T15:12:00,completed,web
628,274,11,2025-07-26T11:19:34,pending,mobile_app
629,275,10,2025-09-05T13:11:45,completed,web
630,275,11,2024-11-09T13:56:07,completed,store
631,275,18,2026-01-29T12:58:35,returned,mobile_app
632,276,12,2026-01-21T14:34:06,completed,store
633,277,17,2026-05-21T11:26:00,completed,web
634,278,20,2025-08-07T21:56:07,completed,web
635,278,8,2025-05-19T11:47:02,cancelled,web
636,278,19,2025-07-02T08:41:13,completed,web
637,278,4,2025-05-27T21:23:20,cancelled,mobile_app
638,278,14,2025-04-07T15:10:03,completed,web
639,279,1,2025-03-05T15:50:48,completed,store
640,280,5,2026-03-16T09:17:46,returned,mobile_app
641,281,19,2026-06-01T20:59:33,pending,mobile_app
642,281,7,2026-04-07T10:06:46,completed,store
643,281,20,2026-02-03T11:56:15,completed,store
644,282,2,2025-01-16T11:29:26,completed,store
645,283,20,2025-04-07T09:05:51,completed,web
646,283,3,2026-05-19T16:37:14,completed,web
647,283,7,2025-05-30T10:18:29,pending,web
648,283,14,2025-08-25T10:44:04,cancelled,store
649,283,4,2026-02-04T09:48:10,pending,store
650,284,18,2025-04-08T18:36:13,pending,mobile_app
651,284,5,2025-02-24T22:03:14,pending,mobile_app
652,284,6,2025-10-04T08:27:31,returned,web
653,284,9,2025-09-23T21:21:01,completed,web
654,284,19,2025-01-22T09:05:44,completed,web
655,285,4,2025-06-01T20:58:32,completed,store
656,285,17,2024-11-06T17:50:02,completed,store
657,285,3,2025-05-24T13:46:33,cancelled,store
658,286,12,2026-01-21T12:52:10,cancelled,web
659,286,2,2025-10-18T12:51:03,completed,web
660,286,9,2025-11-26T21:41:11,cancelled,mobile_app
661,286,10,2026-02-05T19:10:33,returned,mobile_app
662,286,6,2025-12-12T13:48:23,cancelled,store
663,286,16,2025-07-27T14:19:26,cancelled,web
664,286,9,2026-03-29T13:46:08,returned,web
665,286,9,2025-10-23T17:20:56,pending,mobile_app
666,287,20,2025-01-14T11:15:37,returned,web
667,287,2,2025-04-29T19:04:05,completed,store
668,288,17,2025-08-28T22:00:15,pending,mobile_app
669,289,3,2026-05-02T20:07:55,completed,mobile_app
670,289,9,2026-05-02T13:21:26,completed,store
671,289,1,2026-04-30T20:50:21,pending,store
672,289,2,2026-05-25T11:55:03,pending,web
673,289,6,2026-05-25T14:36:06,returned,mobile_app
674,290,16,2025-05-18T21:42:58,completed,web
675,290,3,2025-06-14T20:18:18,returned,mobile_app
676,290,19,2026-01-16T11:09:21,completed,mobile_app
677,291,5,2024-08-21T14:40:07,returned,store
678,291,5,2026-05-25T18:57:35,completed,mobile_app
679,292,14,2026-05-22T13:01:35,returned,mobile_app
680,292,14,2026-05-14T18:04:59,completed,store
681,292,9,2026-04-24T14:34:09,pending,web
682,292,14,2026-04-08T17:25:58,cancelled,mobile_app
683,292,17,2026-04-11T08:39:41,completed,store
684,292,5,2026-05-19T08:46:23,completed,mobile_app
685,292,5,2026-04-11T19:25:48,cancelled,store
686,292,9,2026-05-22T08:25:59,returned,web
687,293,3,2025-10-23T17:10:00,cancelled,web
688,294,9,2025-08-03T17:03:46,completed,store
689,294,9,2026-05-09T12:03:15,completed,store
690,294,18,2025-06-09T21:11:06,pending,mobile_app
691,294,8,2024-09-18T21:52:34,pending,store
692,294,19,2026-02-17T16:46:40,completed,store
693,295,6,2024-05-12T11:40:22,cancelled,web
694,295,3,2025-04-05T16:41:49,returned,web
695,296,10,2026-03-13T20:34:55,returned,mobile_app
696,297,18,2026-04-13T14:46:38,cancelled,web
697,297,18,2025-12-29T16:29:51,completed,store
698,297,7,2026-02-09T16:49:42,completed,store
699,297,16,2026-02-21T14:34:09,returned,mobile_app
700,297,9,2026-01-20T22:01:42,completed,mobile_app
701,297,12,2026-05-05T12:16:11,cancelled,store
702,297,19,2026-05-27T22:06:21,completed,mobile_app
703,297,8,2026-03-17T13:33:38,completed,mobile_app
704,299,10,2025-11-12T21:16:14,pending,mobile_app
705,300,16,2024-12-09T10:03:12,completed,mobile_app
706,300,14,2025-08-25T15:46:54,returned,web
707,300,19,2026-05-08T16:30:35,returned,web
708,300,12,2026-01-24T14:10:56,returned,mobile_app
709,300,11,2025-02-03T16:21:47,completed,store
710,301,5,2026-04-25T22:54:00,completed,web
711,301,4,2026-01-24T20:20:55,completed,web
712,301,17,2026-03-24T17:24:24,completed,mobile_app
713,301,3,2026-04-10T16:13:51,completed,web
714,301,2,2026-03-25T14:47:00,returned,web
715,301,6,2026-04-04T20:30:25,completed,mobile_app
716,301,15,2026-05-16T14:57:42,pending,mobile_app
717,301,5,2026-03-30T17:36:58,completed,web
718,302,4,2025-09-20T15:46:41,completed,store
719,303,15,2026-06-01T08:11:36,pending,mobile_app
720,303,16,2026-05-24T19:57:52,completed,web
721,304,16,2024-12-05T17:51:43,pending,mobile_app
722,304,3,2024-11-05T21:36:54,completed,mobile_app
723,304,17,2024-12-17T11:03:39,cancelled,mobile_app
724,304,2,2024-07-04T18:09:46,completed,store
725,304,3,2024-07-04T09:07:24,returned,mobile_app
726,306,7,2025-11-11T16:00:42,completed,store
727,306,11,2026-05-29T21:00:36,returned,web
728,307,1,2024-11-02T20:59:13,pending,mobile_app
729,307,9,2025-04-01T09:56:47,pending,web
730,307,20,2025-06-07T17:03:28,completed,web
731,308,11,2026-05-08T13:16:55,cancelled,web
732,308,20,2026-03-09T13:58:57,completed,web
733,308,5,2026-04-03T21:51:16,completed,web
734,308,14,2026-03-13T16:02:34,completed,web
735,308,2,2026-03-15T15:05:12,completed,mobile_app
736,309,19,2025-12-27T14:11:22,completed,web
737,310,5,2026-03-04T09:22:37,completed,store
738,310,14,2025-08-22T14:06:19,completed,store
739,310,18,2026-05-19T09:52:45,completed,mobile_app
740,310,17,2026-02-11T15:40:14,pending,mobile_app
741,310,10,2026-02-04T09:26:58,returned,mobile_app
742,311,1,2025-07-19T09:45:52,returned,store
743,311,1,2025-12-18T18:51:42,completed,web
744,312,18,2026-03-08T22:25:57,completed,web
745,312,6,2026-01-31T08:51:01,completed,mobile_app
746,312,3,2025-08-06T22:10:32,pending,mobile_app
747,312,9,2026-05-27T08:37:22,cancelled,web
748,312,2,2025-08-17T15:57:35,completed,store
749,313,13,2026-04-04T10:18:40,pending,mobile_app
750,313,9,2025-10-26T22:39:27,completed,mobile_app
751,314,5,2025-07-30T10:59:22,completed,store
752,315,20,2026-03-18T17:04:27,returned,store
753,315,8,2025-12-23T13:42:48,pending,mobile_app
754,315,10,2025-05-21T15:09:16,completed,store
755,315,1,2026-02-17T20:36:26,completed,store
756,315,18,2026-05-15T10:06:17,completed,store
757,315,6,2026-05-01T22:25:40,completed,mobile_app
758,315,11,2026-02-13T13:37:16,pending,web
759,315,16,2025-08-24T09:27:43,completed,web
760,316,12,2026-04-21T17:03:24,completed,store
761,317,14,2026-05-30T12:10:00,completed,store
762,317,20,2026-05-24T08:27:08,completed,mobile_app
763,319,12,2026-04-24T11:59:03,returned,mobile_app
764,319,14,2026-04-21T22:30:44,completed,store
765,320,2,2026-05-19T08:48:57,cancelled,store
766,320,15,2024-12-19T10:45:26,pending,store
767,321,19,2025-07-14T19:24:55,completed,mobile_app
768,323,12,2025-07-03T12:41:29,completed,mobile_app
769,323,13,2025-01-10T20:13:15,completed,store
770,323,18,2025-10-13T08:51:54,cancelled,web
771,323,7,2025-07-04T08:24:38,completed,mobile_app
772,323,4,2024-11-21T16:04:45,pending,mobile_app
773,323,3,2026-04-16T15:38:39,completed,mobile_app
774,323,9,2026-03-14T21:34:47,returned,mobile_app
775,323,2,2025-07-02T20:05:55,completed,web
776,325,6,2026-02-18T16:55:32,returned,web
777,325,6,2026-01-12T22:00:01,completed,web
778,325,20,2026-05-19T18:55:35,pending,mobile_app
779,325,2,2026-01-30T20:30:17,returned,mobile_app
780,325,11,2026-01-09T19:37:24,completed,store
781,326,8,2025-04-12T12:00:51,cancelled,web
782,327,13,2025-12-17T16:46:36,returned,web
783,327,3,2025-10-20T17:29:57,completed,store
784,328,3,2026-02-24T20:29:23,completed,web
785,328,4,2026-03-27T16:43:51,completed,web
786,328,4,2025-07-29T21:35:22,completed,web
787,329,3,2025-07-26T18:25:14,cancelled,web
788,329,11,2025-10-08T22:46:56,returned,mobile_app
789,329,1,2026-02-01T15:04:03,returned,store
790,330,2,2026-02-05T19:23:14,completed,mobile_app
791,331,18,2025-12-31T19:20:44,pending,store
792,331,14,2025-03-04T21:46:05,completed,web
793,331,12,2024-12-27T15:16:33,pending,mobile_app
794,331,18,2025-08-24T11:45:16,completed,mobile_app
795,331,15,2025-04-30T22:17:45,completed,store
796,332,6,2024-08-11T19:52:00,completed,mobile_app
797,332,5,2025-11-06T13:51:18,cancelled,web
798,332,6,2026-02-14T08:57:05,completed,mobile_app
799,332,11,2024-05-20T11:55:46,completed,web
800,332,4,2024-12-15T20:28:45,completed,store
801,332,2,2024-10-23T08:25:18,cancelled,web
802,332,20,2025-09-07T22:06:14,completed,mobile_app
803,332,19,2025-04-22T08:41:01,completed,mobile_app
804,333,19,2024-08-17T21:18:19,cancelled,web
805,333,9,2024-08-11T10:57:25,completed,store
806,333,10,2024-08-18T13:54:06,pending,web
807,334,1,2024-09-27T18:48:34,completed,web
808,334,6,2025-07-08T09:10:37,pending,mobile_app
809,334,20,2025-11-28T10:00:58,completed,mobile_app
810,335,12,2026-03-18T17:06:27,cancelled,web
811,335,11,2026-01-06T16:35:05,returned,store
812,337,16,2026-02-17T22:11:51,returned,mobile_app
813,337,5,2026-03-08T08:16:05,completed,mobile_app
814,337,1,2026-01-11T10:02:40,cancelled,web
815,337,5,2026-05-01T19:56:06,completed,store
816,337,7,2026-04-23T08:43:52,completed,store
817,337,8,2026-02-02T10:49:04,returned,mobile_app
818,337,20,2026-05-09T08:55:10,completed,store
819,337,12,2026-01-12T14:35:56,returned,web
820,338,10,2025-12-30T20:48:50,completed,mobile_app
821,339,7,2025-06-21T10:54:10,completed,store
822,339,17,2024-09-12T18:56:02,cancelled,mobile_app
823,340,12,2025-10-12T18:03:23,completed,web
824,340,15,2025-09-29T14:37:45,completed,store
825,340,9,2025-03-03T10:05:11,completed,web
826,341,19,2025-09-27T14:25:19,pending,store
827,341,18,2025-05-11T17:12:15,cancelled,store
828,342,8,2026-05-31T18:49:29,returned,store
829,342,12,2026-05-29T19:35:28,completed,web
830,342,15,2026-05-29T12:17:54,completed,mobile_app
831,343,15,2025-08-17T08:07:17,completed,web
832,343,1,2026-05-13T22:59:23,returned,web
833,343,20,2025-03-23T12:14:36,completed,web
834,344,4,2024-12-09T11:24:39,completed,web
835,344,12,2025-06-11T17:22:52,completed,mobile_app
836,346,8,2026-04-09T20:22:14,cancelled,mobile_app
837,347,2,2025-12-13T16:11:24,returned,store
838,347,14,2026-05-30T22:45:48,completed,store
839,348,1,2026-05-22T18:06:48,cancelled,mobile_app
840,350,3,2026-04-02T21:41:07,pending,web
841,350,6,2025-11-20T14:42:03,pending,store
842,351,3,2025-09-04T09:36:49,cancelled,store
843,352,2,2026-04-06T15:51:00,completed,web
844,352,3,2026-02-19T10:19:04,cancelled,mobile_app
845,353,19,2026-05-22T16:30:13,completed,web
846,353,13,2026-05-12T18:48:01,completed,mobile_app
847,354,19,2026-03-27T18:21:11,completed,mobile_app
848,355,19,2026-01-21T18:29:51,completed,store
849,356,10,2026-04-08T22:05:26,returned,store
850,356,8,2025-12-25T15:12:02,completed,store
851,357,12,2024-09-17T09:10:33,completed,store
852,357,19,2026-02-28T20:21:39,returned,mobile_app
853,358,19,2026-04-09T11:48:38,returned,mobile_app
854,358,18,2026-03-06T10:09:14,completed,mobile_app
855,359,18,2024-11-28T18:49:56,returned,mobile_app
856,359,14,2025-02-06T13:21:30,cancelled,mobile_app
857,359,4,2026-05-13T10:49:07,pending,store
858,360,14,2026-01-28T20:05:59,completed,mobile_app
859,360,14,2025-08-02T10:59:42,completed,web
860,362,14,2026-04-03T16:47:44,cancelled,mobile_app
861,363,16,2025-03-15T15:56:18,cancelled,mobile_app
862,363,11,2025-02-17T08:09:14,completed,web
863,363,19,2025-04-07T09:13:13,completed,store
864,365,12,2026-05-22T22:52:00,completed,store
865,365,18,2026-01-30T20:16:52,cancelled,mobile_app
866,365,5,2026-01-12T12:03:56,completed,mobile_app
867,366,20,2025-09-29T20:53:38,completed,web
868,367,6,2025-10-15T10:20:38,returned,web
869,367,5,2026-04-05T11:31:15,cancelled,mobile_app
870,369,12,2025-09-26T19:35:26,completed,web
871,369,6,2025-09-06T10:57:31,completed,web
872,370,7,2026-03-11T19:47:00,completed,web
873,370,20,2025-09-29T18:24:49,pending,store
874,371,16,2026-05-02T15:20:50,completed,store
875,371,5,2026-04-24T08:41:23,pending,mobile_app
876,372,10,2025-12-06T18:48:11,pending,mobile_app
877,372,7,2026-03-01T19:06:14,completed,web
878,373,18,2025-11-13T14:34:31,completed,store
879,373,17,2025-08-28T22:59:31,completed,mobile_app
880,373,6,2025-06-02T09:39:09,completed,mobile_app
881,374,4,2026-05-15T09:30:55,returned,mobile_app
882,374,6,2026-03-13T19:00:03,cancelled,mobile_app
883,374,13,2026-04-23T11:55:06,completed,mobile_app
884,375,6,2024-04-27T22:26:53,completed,mobile_app
885,375,3,2025-09-03T16:21:40,completed,mobile_app
886,376,7,2025-12-26T10:42:32,completed,web
887,376,1,2026-04-13T14:57:30,completed,store
888,377,12,2026-05-30T17:26:37,cancelled,web
889,378,19,2026-03-15T21:06:08,pending,store
890,378,19,2026-04-16T21:38:01,completed,web
891,378,16,2025-12-27T12:35:22,cancelled,mobile_app
892,379,4,2025-12-08T14:18:49,pending,mobile_app
893,379,2,2025-08-04T08:53:34,returned,mobile_app
894,379,11,2026-05-30T15:19:42,cancelled,web
895,382,13,2026-01-22T09:37:56,pending,mobile_app
896,383,14,2026-03-08T22:41:51,completed,web
897,383,10,2025-11-05T12:16:08,completed,store
898,384,6,2025-04-24T10:54:11,completed,store
899,384,9,2026-02-28T15:19:30,pending,web
900,384,12,2025-04-24T11:06:10,completed,store
901,384,11,2025-11-24T16:20:10,returned,store
902,384,16,2025-04-02T13:39:05,returned,store
903,385,17,2025-02-12T19:47:54,completed,store
904,387,8,2026-04-05T11:07:33,returned,web
905,388,17,2025-05-28T16:56:11,returned,store
906,388,16,2025-10-23T20:51:50,cancelled,web
907,389,19,2026-02-27T22:04:19,returned,store
908,391,4,2026-01-16T08:34:38,cancelled,web
909,391,17,2026-03-25T20:33:19,completed,store
910,392,20,2026-05-08T18:57:42,cancelled,mobile_app
911,392,20,2026-05-13T22:55:28,completed,mobile_app
912,392,9,2026-04-30T20:59:13,pending,web
913,393,3,2026-05-31T12:58:21,pending,mobile_app
914,393,15,2026-04-01T19:00:49,pending,mobile_app
915,394,11,2025-10-10T13:07:15,completed,web
916,394,17,2024-08-22T15:13:24,completed,mobile_app
917,394,11,2026-03-15T21:48:53,completed,mobile_app
918,394,8,2024-09-23T14:43:39,completed,store
919,394,18,2024-07-10T17:26:49,pending,web
920,395,11,2025-08-02T16:55:52,cancelled,web
921,395,5,2025-06-07T15:26:13,completed,store
922,395,9,2025-09-20T19:48:55,completed,store
923,395,14,2026-05-18T20:35:35,completed,web
924,395,19,2025-06-01T16:48:33,completed,web
925,395,8,2025-11-07T11:25:18,completed,mobile_app
926,395,2,2025-08-15T22:16:04,completed,web
927,395,16,2025-03-23T19:37:53,completed,web
928,396,1,2024-11-08T17:46:47,returned,store
929,397,20,2025-03-25T08:02:12,completed,mobile_app
930,399,11,2025-07-20T20:50:15,completed,mobile_app
931,399,5,2025-08-21T13:51:36,completed,web
932,399,3,2026-02-19T09:13:34,completed,web
933,399,16,2026-01-27T09:36:10,pending,web
934,399,6,2025-07-10T11:58:37,completed,store
935,400,12,2025-03-31T13:06:14,completed,mobile_app
936,401,12,2025-07-27T17:34:22,pending,mobile_app
937,402,6,2026-06-01T20:27:34,returned,web
938,403,9,2026-01-11T08:32:47,completed,store
939,403,2,2025-10-09T08:25:36,completed,store
940,404,1,2026-01-24T10:04:10,completed,web
941,405,1,2025-02-02T16:33:24,completed,web
942,405,13,2025-04-04T20:00:01,completed,web
943,405,18,2025-11-06T14:30:16,pending,web
944,406,12,2026-05-18T19:16:21,returned,mobile_app
945,407,14,2025-03-25T15:09:45,pending,store
946,408,3,2026-04-02T19:32:09,pending,mobile_app
947,408,17,2025-04-23T22:04:31,returned,store
948,408,10,2025-11-24T09:10:39,completed,web
949,409,11,2024-09-27T13:36:01,cancelled,web
950,409,2,2025-09-27T09:08:35,completed,web
951,409,14,2026-02-19T09:22:05,cancelled,mobile_app
952,410,9,2026-01-28T12:24:46,pending,mobile_app
953,410,10,2026-01-27T14:52:01,pending,mobile_app
954,410,7,2026-04-08T19:19:31,cancelled,mobile_app
955,411,4,2025-10-26T19:43:08,completed,store
956,411,9,2026-05-07T20:39:18,completed,mobile_app
957,412,7,2025-07-04T12:03:19,pending,store
958,414,3,2026-04-03T20:07:06,completed,store
959,414,17,2026-05-07T12:37:51,completed,mobile_app
960,415,1,2026-05-16T09:45:25,completed,web
961,416,13,2026-05-01T08:03:12,cancelled,mobile_app
962,417,10,2024-10-29T22:59:30,completed,web
963,417,4,2026-04-17T22:40:48,completed,web
964,417,11,2025-12-18T16:10:45,completed,web
965,418,15,2026-04-11T17:48:03,completed,web
966,418,20,2026-04-20T22:48:37,completed,web
967,419,18,2026-03-11T13:50:22,returned,web
968,420,13,2026-05-02T16:22:54,returned,mobile_app
969,420,2,2026-04-01T19:07:53,completed,store
970,421,10,2025-10-20T16:54:18,returned,web
971,421,8,2025-11-24T11:42:55,completed,mobile_app
972,422,8,2025-02-28T16:21:20,completed,store
973,422,19,2025-06-22T15:32:06,returned,store
974,422,12,2025-08-21T20:17:27,completed,mobile_app
975,422,16,2026-04-23T18:46:03,cancelled,web
976,422,10,2025-08-25T16:54:20,pending,web
977,423,9,2026-04-05T10:00:28,completed,store
978,423,20,2026-05-10T08:26:57,returned,store
979,423,11,2026-03-01T20:23:49,completed,mobile_app
980,423,14,2026-03-20T12:49:00,returned,store
981,423,19,2026-04-03T19:55:01,pending,web
982,423,6,2026-04-06T08:45:11,cancelled,web
983,423,20,2026-05-01T09:31:06,completed,store
984,423,19,2026-04-22T21:51:11,completed,web
985,424,2,2025-02-14T14:34:01,completed,web
986,424,2,2025-06-28T22:21:43,completed,store
987,424,13,2024-11-18T17:14:54,completed,store
988,425,8,2025-12-14T17:02:47,completed,mobile_app
989,425,3,2025-10-12T10:57:36,completed,mobile_app
990,425,14,2024-07-24T15:25:41,completed,store
991,425,1,2024-06-17T16:54:34,completed,mobile_app
992,425,12,2024-11-10T20:52:19,completed,web
993,425,6,2024-12-08T08:10:15,completed,web
994,425,2,2025-04-26T11:54:25,pending,mobile_app
995,425,9,2024-09-27T09:10:56,completed,store
996,426,20,2025-04-14T20:55:17,completed,web
997,427,3,2025-04-14T19:14:06,completed,store
998,427,19,2024-11-07T10:42:47,completed,mobile_app
999,428,2,2025-10-10T16:54:28,completed,web
1000,429,11,2024-11-20T19:59:34,cancelled,mobile_app
1001,429,16,2025-01-08T15:02:27,pending,mobile_app
1002,429,17,2025-05-22T13:40:32,completed,web
1003,430,6,2024-12-10T13:19:59,cancelled,mobile_app
1004,430,12,2025-01-13T08:48:06,completed,web
1005,431,1,2025-11-11T17:44:41,returned,web
1006,431,2,2026-04-15T08:45:14,pending,store
1007,432,1,2026-03-23T22:33:09,completed,store
1008,432,11,2024-04-21T11:29:11,completed,mobile_app
1009,432,14,2024-11-07T09:00:41,pending,web
1010,432,14,2025-09-28T22:58:48,completed,store
1011,432,16,2025-01-20T13:54:21,completed,web
1012,433,10,2026-01-09T19:11:02,completed,web
1013,433,7,2025-05-29T16:52:24,completed,store
1014,434,1,2025-02-11T08:38:21,completed,mobile_app
1015,434,20,2025-01-10T08:53:51,completed,mobile_app
1016,434,14,2024-07-05T19:06:18,completed,store
1017,435,14,2026-01-29T21:29:08,completed,store
1018,435,1,2026-03-28T20:33:19,pending,web
1019,435,8,2025-11-10T15:17:58,completed,mobile_app
1020,435,14,2026-05-08T22:54:30,completed,store
1021,435,6,2025-12-23T19:32:44,completed,mobile_app
1022,436,13,2026-03-07T18:46:28,completed,mobile_app
1023,436,19,2025-09-02T22:43:57,pending,web
1024,436,6,2026-01-19T15:07:35,returned,mobile_app
1025,437,6,2025-02-16T14:37:18,returned,store
1026,437,20,2025-02-10T19:01:07,cancelled,mobile_app
1027,438,9,2026-05-02T11:35:58,returned,web
1028,439,17,2025-04-12T17:55:48,completed,mobile_app
1029,439,1,2026-05-24T11:28:49,completed,store
1030,439,2,2025-10-18T11:01:32,completed,store
1031,440,11,2025-08-14T17:11:41,cancelled,mobile_app
1032,441,18,2025-07-30T08:33:08,completed,web
1033,441,9,2026-04-28T12:17:13,completed,web
1034,442,6,2026-05-11T18:56:23,completed,store
1035,442,2,2026-04-18T11:39:24,completed,store
1036,442,12,2026-05-22T20:17:43,returned,store
1037,443,16,2026-04-28T11:33:23,returned,store
1038,444,19,2025-10-10T12:36:52,completed,store
1039,445,6,2026-04-22T11:57:22,returned,store
1040,445,8,2026-02-10T12:33:11,completed,web
1041,445,5,2026-05-17T10:25:00,returned,web
1042,445,13,2026-05-04T10:53:39,cancelled,store
1043,445,19,2026-05-29T09:13:19,completed,store
1044,445,16,2026-05-01T10:02:37,pending,mobile_app
1045,445,14,2026-02-12T14:38:51,returned,store
1046,445,13,2026-05-03T16:08:56,pending,store
1047,446,17,2026-05-12T14:36:21,completed,web
1048,446,4,2026-04-30T08:03:31,pending,store
1049,447,7,2026-04-10T15:02:12,completed,web
1050,447,11,2025-09-23T09:59:56,pending,web
1051,448,12,2026-05-18T09:30:44,cancelled,mobile_app
1052,448,2,2026-05-29T17:52:04,completed,store
1053,448,16,2026-05-29T21:30:00,completed,mobile_app
1054,449,18,2025-11-15T12:01:48,completed,web
1055,449,12,2025-06-25T22:52:34,completed,mobile_app
1056,449,11,2025-09-17T19:26:08,cancelled,web
1057,451,16,2025-06-22T08:32:46,pending,store
1058,451,4,2025-12-11T13:34:17,completed,web
1059,451,16,2026-05-08T12:23:45,completed,store
1060,451,14,2025-09-27T22:50:31,returned,store
1061,451,18,2025-07-31T22:28:00,completed,store
1062,452,12,2026-02-07T08:08:46,pending,web
1063,452,9,2025-04-07T13:10:44,completed,mobile_app
1064,453,18,2025-12-10T14:02:08,completed,mobile_app
1065,453,18,2025-12-31T09:45:35,returned,web
1066,453,13,2026-02-18T08:15:51,cancelled,store
1067,453,12,2025-12-04T20:04:23,completed,web
1068,453,3,2026-01-14T11:15:37,completed,store
1069,453,15,2026-04-28T09:36:59,completed,store
1070,453,11,2026-04-27T14:56:07,completed,store
1071,453,1,2026-04-17T20:41:06,completed,web
1072,454,5,2024-09-16T13:15:48,pending,mobile_app
1073,455,18,2026-02-09T21:21:41,completed,web
1074,455,8,2025-09-15T20:51:11,returned,web
1075,456,14,2025-03-16T17:44:38,completed,store
1076,456,7,2025-10-12T09:26:56,completed,web
1077,456,3,2025-04-25T19:52:02,cancelled,store
1078,456,5,2025-09-22T13:36:59,completed,store
1079,456,12,2025-05-23T18:54:50,pending,mobile_app
1080,457,20,2026-04-18T20:04:16,cancelled,store
1081,457,8,2025-02-18T17:16:57,completed,mobile_app
1082,457,15,2024-12-24T14:47:44,completed,mobile_app
1083,458,16,2025-09-23T09:54:32,cancelled,mobile_app
1084,460,19,2026-03-12T18:23:25,cancelled,store
1085,460,7,2026-01-04T22:43:34,pending,store
1086,460,13,2025-10-19T10:00:06,completed,store
1087,461,2,2026-01-22T14:33:28,completed,web
1088,461,9,2026-01-17T09:49:32,pending,store
1089,462,10,2024-12-04T20:59:17,completed,mobile_app
1090,464,3,2026-05-28T11:17:42,completed,mobile_app
1091,464,15,2026-03-16T11:22:48,completed,web
1092,465,20,2026-05-03T12:17:09,completed,web
1093,466,15,2026-01-03T11:54:19,returned,web
1094,467,10,2025-11-11T09:32:57,completed,web
1095,467,8,2025-10-02T18:49:14,completed,web
1096,468,10,2025-11-22T22:33:13,pending,store
1097,469,3,2026-05-15T13:05:51,returned,web
1098,469,4,2026-02-25T15:39:32,cancelled,store
1099,470,15,2026-04-23T14:31:20,completed,web
1100,470,12,2026-02-07T16:38:48,returned,store
1101,471,4,2026-05-15T22:40:50,completed,web
1102,471,15,2026-05-27T17:08:14,completed,web
1103,472,16,2025-08-10T13:29:32,completed,store
1104,473,5,2026-04-24T18:05:33,completed,store
1105,473,4,2026-05-17T20:09:59,completed,mobile_app
1106,474,15,2026-04-06T17:28:34,cancelled,store
1107,474,9,2025-11-13T13:27:32,pending,mobile_app
1108,474,7,2025-06-23T10:39:20,completed,store
1109,475,5,2025-05-17T17:53:05,cancelled,web
1110,475,12,2025-11-04T09:35:22,pending,mobile_app
1111,475,4,2025-07-03T13:47:40,completed,web
1112,475,10,2025-08-05T21:17:42,completed,web
1113,475,8,2025-08-07T11:49:59,cancelled,mobile_app
1114,475,19,2025-10-07T19:41:37,cancelled,web
1115,475,5,2026-01-04T13:47:25,completed,web
1116,475,7,2026-04-26T19:28:27,completed,web
1117,476,3,2026-05-14T15:19:54,pending,store
1118,477,11,2025-12-02T13:37:48,returned,mobile_app
1119,477,11,2024-12-03T08:11:47,completed,mobile_app
1120,477,8,2024-11-07T11:04:16,completed,store
1121,478,7,2026-01-13T09:08:55,returned,store
1122,478,4,2026-04-18T16:12:03,completed,store
1123,479,18,2026-04-05T09:35:29,completed,store
1124,479,2,2024-12-10T14:41:35,pending,store
1125,480,7,2025-12-19T08:25:02,completed,mobile_app
1126,481,1,2026-04-29T18:20:58,completed,mobile_app
1127,481,11,2026-01-23T19:37:36,completed,store
1128,481,9,2025-12-08T08:02:20,pending,web
1129,481,2,2026-04-22T21:04:07,cancelled,mobile_app
1130,481,6,2026-04-17T16:24:07,completed,store
1131,481,10,2025-12-21T20:51:19,returned,store
1132,481,12,2026-04-22T10:39:30,returned,mobile_app
1133,481,6,2026-01-11T13:50:15,completed,store
1134,482,18,2025-04-26T17:44:44,completed,web
1135,482,18,2025-03-20T22:14:20,cancelled,mobile_app
1136,482,18,2024-12-12T10:18:36,completed,mobile_app
1137,483,1,2024-05-14T15:51:13,completed,web
1138,483,7,2026-03-04T09:08:07,completed,mobile_app
1139,483,10,2025-03-17T13:48:25,pending,mobile_app
1140,485,3,2026-05-25T18:07:11,completed,mobile_app
1141,485,6,2026-04-25T13:50:49,completed,web
1142,486,18,2025-12-31T20:06:18,cancelled,store
1143,486,16,2025-11-24T17:13:02,completed,store
1144,487,2,2025-02-11T21:19:41,pending,web
1145,488,2,2025-05-15T11:18:09,returned,mobile_app
1146,488,5,2025-09-09T08:13:20,returned,store
1147,488,2,2025-07-22T09:20:50,returned,store
1148,489,15,2026-03-14T21:40:19,completed,mobile_app
1149,490,2,2025-08-22T22:40:31,returned,web
1150,490,3,2025-05-30T22:21:13,cancelled,web
1151,491,16,2025-06-26T19:19:57,completed,mobile_app
1152,492,20,2025-09-30T19:39:17,returned,mobile_app
1153,492,17,2025-01-09T12:56:09,completed,store
1154,492,1,2024-07-06T15:01:42,completed,store
1155,492,14,2025-07-02T21:11:16,returned,mobile_app
1156,492,2,2025-08-02T18:17:51,returned,mobile_app
1157,493,4,2025-02-20T09:22:55,returned,mobile_app
1158,493,17,2025-12-03T11:22:38,completed,web
1159,494,17,2025-12-08T17:08:59,completed,web
1160,495,15,2026-05-25T16:15:01,completed,mobile_app
1161,495,20,2025-07-08T13:55:48,completed,web
1162,495,3,2026-05-19T18:32:43,completed,web
1163,495,13,2025-07-16T17:36:00,completed,mobile_app
1164,495,1,2025-08-13T21:26:38,completed,mobile_app
1165,495,12,2026-02-08T15:57:02,pending,store
1166,495,3,2026-01-04T12:37:57,cancelled,mobile_app
1167,495,6,2025-09-06T13:51:56,completed,store
1168,496,2,2025-09-09T12:05:29,returned,web
1169,497,6,2025-12-03T21:31:36,completed,store
1170,497,18,2024-07-07T22:51:08,completed,mobile_app
1171,499,4,2025-10-09T13:43:15,returned,web
1172,501,19,2025-07-13T08:06:36,completed,mobile_app
1173,503,11,2024-08-06T14:06:24,cancelled,mobile_app
1174,503,12,2025-07-10T17:19:00,cancelled,store
1175,504,13,2024-09-25T12:28:46,completed,store
1176,504,16,2024-09-30T14:26:45,cancelled,store
1177,504,18,2026-05-04T08:26:42,completed,store
1178,505,15,2026-03-05T08:24:40,returned,mobile_app
1179,505,14,2026-03-10T11:58:31,returned,store
1180,507,8,2025-10-30T17:48:34,pending,store
1181,507,3,2025-09-18T22:21:57,completed,mobile_app
1182,507,6,2025-08-24T19:27:25,pending,store
1183,508,12,2026-04-26T18:25:20,completed,store
1184,509,14,2025-07-20T17:08:36,completed,web
1185,509,15,2026-05-05T17:49:13,completed,mobile_app
1186,510,1,2026-01-18T12:58:22,returned,mobile_app
1187,510,5,2026-01-09T20:15:12,returned,mobile_app
1188,510,14,2025-02-23T11:00:07,pending,mobile_app
1189,510,13,2026-03-02T21:16:49,completed,web
1190,510,14,2025-06-19T22:58:38,returned,store
1191,511,12,2026-04-15T08:52:41,returned,web
1192,511,2,2026-05-30T16:56:03,returned,mobile_app
1193,511,17,2026-05-02T13:04:43,completed,store
1194,512,7,2026-04-10T08:39:40,returned,web
1195,512,18,2026-03-10T12:02:05,completed,store
1196,513,17,2026-03-31T11:42:12,cancelled,mobile_app
1197,513,7,2026-03-20T12:22:41,completed,store
1198,514,11,2026-05-17T16:52:17,completed,mobile_app
1199,515,8,2026-03-26T12:20:04,pending,mobile_app
1200,515,16,2024-09-06T10:56:46,returned,mobile_app
1201,516,4,2026-04-18T09:56:48,completed,store
1202,516,10,2026-01-23T15:13:56,completed,store
1203,516,19,2026-01-17T18:30:06,cancelled,mobile_app
1204,516,9,2026-02-16T08:01:39,completed,store
1205,516,19,2026-01-19T09:48:16,pending,web
1206,516,19,2026-03-13T09:05:58,completed,mobile_app
1207,516,11,2026-02-22T17:29:55,pending,store
1208,516,8,2026-05-29T20:09:01,completed,store
1209,517,19,2026-01-13T22:10:46,completed,store
1210,518,11,2026-03-14T12:13:52,completed,mobile_app
1211,519,7,2024-08-30T20:00:05,completed,mobile_app
1212,519,17,2024-03-28T09:46:00,returned,store
1213,519,20,2025-10-21T19:14:03,cancelled,web
1214,519,17,2025-07-20T20:51:05,cancelled,web
1215,519,12,2026-03-18T22:45:14,completed,web
1216,520,20,2026-05-22T14:31:59,completed,web
1217,520,20,2026-04-13T11:30:26,cancelled,store
1218,520,17,2026-05-05T16:51:13,completed,web
1219,521,17,2025-11-09T08:36:44,pending,mobile_app
1220,521,19,2025-09-17T11:51:20,completed,mobile_app
1221,522,10,2026-04-26T09:49:28,completed,mobile_app
1222,523,13,2024-09-02T13:51:05,returned,store
1223,523,16,2025-09-30T13:40:29,completed,mobile_app
1224,523,5,2024-05-01T13:40:00,completed,web
1225,523,20,2025-05-29T13:09:11,cancelled,mobile_app
1226,523,2,2024-04-29T08:50:31,completed,web
1227,523,10,2025-04-20T08:44:51,completed,store
1228,523,16,2026-04-20T20:13:23,completed,mobile_app
1229,523,9,2025-09-21T16:12:50,completed,mobile_app
1230,524,15,2025-07-24T15:23:33,completed,web
1231,524,18,2026-01-22T08:22:01,cancelled,store
1232,525,7,2025-12-27T12:11:58,completed,store
1233,526,2,2026-02-21T18:08:44,completed,store
1234,527,5,2025-06-16T22:29:38,completed,web
1235,528,6,2024-12-22T22:29:52,completed,store
1236,529,10,2026-05-04T13:05:16,completed,store
1237,529,6,2025-12-22T16:54:06,completed,store
1238,530,14,2025-03-10T08:32:16,completed,web
1239,530,11,2025-11-07T08:45:21,completed,store
1240,530,5,2026-04-24T08:09:23,completed,mobile_app
1241,531,1,2024-12-16T19:18:40,completed,mobile_app
1242,532,16,2025-02-26T15:07:43,cancelled,mobile_app
1243,532,15,2026-05-10T17:08:24,completed,mobile_app
1244,532,20,2026-02-16T10:10:06,completed,web
1245,532,3,2026-05-21T13:55:12,cancelled,mobile_app
1246,532,1,2024-09-29T10:49:41,pending,web
1247,533,20,2026-02-01T20:46:50,completed,web
1248,534,4,2026-03-04T08:04:56,returned,mobile_app
1249,535,6,2026-02-27T10:00:06,returned,store
1250,536,14,2026-05-28T11:26:53,returned,web
1251,536,17,2026-05-16T17:45:19,completed,mobile_app
1252,536,1,2026-05-24T20:41:42,returned,store
1253,536,12,2026-05-20T13:24:52,returned,store
1254,536,4,2026-05-30T19:48:43,cancelled,mobile_app
1255,537,17,2024-06-24T15:47:18,completed,mobile_app
1256,538,13,2024-06-14T22:24:11,completed,store
1257,538,14,2025-12-11T11:56:59,completed,mobile_app
1258,538,18,2024-04-08T11:31:43,completed,store
1259,539,5,2025-11-12T17:06:05,completed,mobile_app
1260,539,20,2026-04-22T19:50:53,completed,mobile_app
1261,539,4,2026-02-14T16:39:34,completed,mobile_app
1262,539,4,2026-02-12T14:12:53,pending,web
1263,539,4,2026-05-09T14:38:19,pending,store
1264,540,7,2026-02-14T20:43:44,completed,store
1265,540,17,2025-02-21T13:17:37,completed,mobile_app
1266,541,10,2026-02-27T13:33:49,returned,store
1267,541,11,2026-02-25T09:28:51,completed,store
1268,542,13,2024-08-24T20:02:07,cancelled,web
1269,542,1,2024-04-13T22:49:51,returned,web
1270,542,20,2026-03-07T17:55:11,completed,mobile_app
1271,543,7,2025-03-10T17:30:12,completed,web
1272,543,17,2025-04-10T22:50:53,cancelled,mobile_app
1273,544,4,2024-08-06T18:50:19,completed,mobile_app
1274,546,3,2026-02-27T09:42:47,completed,store
1275,546,5,2026-01-25T12:53:20,pending,mobile_app
1276,547,1,2026-03-21T18:12:20,pending,web
1277,547,12,2026-02-25T11:14:34,completed,mobile_app
1278,547,6,2025-08-06T16:47:12,completed,mobile_app
1279,548,2,2026-02-28T16:27:49,completed,mobile_app
1280,548,19,2025-08-03T21:22:10,completed,web
1281,549,18,2026-03-14T16:12:00,completed,web
1282,550,20,2025-11-30T18:25:42,cancelled,mobile_app
1283,550,9,2026-05-03T17:28:58,completed,web
1284,550,16,2025-08-29T21:22:26,completed,store
1285,550,7,2025-10-20T13:39:56,completed,mobile_app
1286,550,14,2025-10-07T09:30:53,pending,mobile_app
1287,551,10,2026-05-17T17:15:48,returned,mobile_app
1288,551,20,2026-05-29T18:13:00,completed,web
1289,552,14,2025-05-27T11:16:19,completed,mobile_app
1290,552,14,2025-08-22T09:30:45,completed,store
1291,553,14,2026-05-07T22:08:24,completed,web
1292,553,16,2026-03-31T20:54:23,completed,store
1293,554,1,2026-05-02T21:30:26,pending,web
1294,555,19,2026-02-27T21:17:47,cancelled,web
1295,555,5,2025-10-03T11:47:18,cancelled,mobile_app
1296,555,5,2025-07-05T14:27:02,completed,mobile_app
1297,556,2,2026-03-08T19:15:52,completed,web
1298,556,14,2026-04-29T09:19:46,completed,store
1299,556,13,2025-03-28T16:56:09,cancelled,mobile_app
1300,556,19,2024-02-16T19:11:31,cancelled,web
1301,556,3,2025-02-10T16:24:24,completed,web
1302,556,17,2024-10-29T13:10:16,completed,mobile_app
1303,556,14,2025-02-12T14:19:59,completed,mobile_app
1304,556,12,2025-08-13T11:39:59,pending,web
1305,557,12,2025-10-27T20:39:11,completed,store
1306,557,7,2025-09-22T16:04:52,cancelled,web
1307,557,8,2026-03-09T20:54:03,returned,store
1308,558,8,2025-03-09T08:12:03,completed,store
1309,559,11,2024-11-18T15:26:47,cancelled,store
1310,559,9,2025-10-02T13:09:03,pending,mobile_app
1311,560,4,2025-07-11T14:34:09,completed,mobile_app
1312,561,3,2026-01-04T19:00:00,completed,mobile_app
1313,561,2,2025-11-07T18:42:29,completed,web
1314,562,11,2026-04-17T18:32:56,pending,web
1315,564,9,2024-12-19T08:26:50,pending,web
1316,564,19,2026-04-05T16:21:27,returned,mobile_app
1317,565,20,2026-03-18T17:53:15,completed,store
1318,565,1,2026-01-15T22:05:06,pending,mobile_app
1319,565,7,2026-05-07T16:01:13,returned,web
1320,566,2,2026-05-16T13:14:19,returned,mobile_app
1321,568,13,2026-04-22T21:40:33,pending,mobile_app
1322,568,5,2026-01-10T11:23:13,returned,web
1323,569,17,2025-10-24T08:39:25,cancelled,store
1324,569,7,2025-05-08T09:30:20,completed,store
1325,570,14,2026-01-29T15:20:48,cancelled,web
1326,570,11,2026-02-26T11:17:39,completed,store
1327,570,17,2026-03-16T21:11:03,completed,store
1328,570,6,2026-04-07T22:17:09,cancelled,web
1329,570,19,2026-02-05T18:33:49,returned,web
1330,570,8,2026-05-25T15:47:15,pending,store
1331,570,13,2025-12-24T08:39:56,returned,web
1332,570,14,2026-04-22T15:47:40,returned,store
1333,571,18,2025-12-29T10:05:58,completed,store
1334,571,15,2026-05-29T16:39:49,completed,web
1335,571,15,2026-03-17T15:23:23,returned,web
1336,572,9,2026-04-30T17:34:11,completed,store
1337,573,10,2026-06-01T11:49:27,completed,mobile_app
1338,573,4,2026-05-30T08:42:03,completed,store
1339,574,3,2026-05-21T21:57:42,completed,web
1340,574,16,2026-05-22T12:06:25,cancelled,mobile_app
1341,574,12,2026-05-21T22:32:06,completed,store
1342,575,15,2024-11-04T18:45:06,completed,mobile_app
1343,575,13,2025-07-16T08:07:29,completed,store
1344,576,15,2025-05-10T19:02:24,pending,web
1345,576,18,2026-02-10T20:50:59,pending,web
1346,577,12,2025-02-28T21:06:48,completed,web
1347,578,14,2025-12-23T14:54:43,returned,web
1348,578,1,2025-10-26T18:03:58,cancelled,mobile_app
1349,579,16,2025-03-29T20:37:16,completed,mobile_app
1350,579,6,2025-12-17T09:16:40,completed,web
1351,579,13,2026-05-07T20:48:20,returned,store
1352,579,15,2024-04-25T11:32:01,completed,store
1353,579,16,2025-07-31T09:16:24,pending,store
1354,579,6,2024-05-21T16:13:58,completed,store
1355,579,20,2025-02-18T13:00:30,completed,mobile_app
1356,579,2,2026-05-11T11:56:52,returned,web
1357,580,11,2024-11-07T19:57:43,completed,web
1358,580,4,2024-12-25T19:38:28,completed,mobile_app
1359,581,13,2025-07-31T15:00:29,completed,mobile_app
1360,581,14,2024-06-12T17:47:59,completed,web
1361,582,12,2026-03-05T16:14:48,completed,web
1362,582,3,2024-10-29T12:03:58,completed,web
1363,582,8,2026-01-26T13:51:48,returned,web
1364,582,13,2024-06-30T12:34:51,completed,web
1365,582,14,2025-08-13T21:03:00,completed,store
1366,583,11,2026-05-20T22:48:31,cancelled,store
1367,583,7,2026-05-18T21:07:34,pending,store
1368,583,20,2026-05-04T20:54:37,completed,store
1369,584,15,2025-12-17T10:32:36,completed,store
1370,585,1,2025-12-12T21:27:24,cancelled,store
1371,585,19,2026-05-17T22:52:26,completed,mobile_app
1372,587,5,2025-06-17T16:38:26,completed,web
1373,587,7,2024-12-08T17:37:59,pending,web
1374,588,12,2024-10-12T18:08:12,completed,mobile_app
1375,588,9,2025-11-05T16:56:52,pending,store
1376,588,1,2025-02-22T15:35:55,completed,store
1377,589,19,2025-07-31T18:08:34,completed,mobile_app
1378,589,13,2025-09-30T12:19:07,cancelled,mobile_app
1379,590,1,2026-05-01T10:43:10,completed,web
1380,591,5,2026-03-18T18:55:44,completed,mobile_app
1381,591,12,2024-10-10T10:25:43,pending,web
1382,592,7,2026-02-24T14:34:45,cancelled,mobile_app
1383,593,5,2026-05-01T14:31:04,completed,web
1384,594,12,2024-12-01T09:36:08,returned,web
1385,594,19,2025-06-23T15:53:00,cancelled,web
1386,594,3,2025-11-18T14:53:13,completed,web
1387,595,3,2025-07-02T16:59:34,completed,mobile_app
1388,596,9,2026-03-26T12:12:40,completed,web
1389,596,2,2025-10-19T21:10:39,completed,mobile_app
1390,596,12,2025-02-14T15:14:30,completed,mobile_app
1391,597,11,2025-01-09T10:29:15,completed,mobile_app
1392,597,11,2025-01-16T14:36:50,completed,store
1393,597,17,2025-06-20T19:17:28,completed,mobile_app
1394,597,20,2025-02-02T08:50:10,completed,web
1395,597,19,2025-06-05T08:36:02,completed,mobile_app
1396,598,8,2026-02-02T21:47:45,returned,store
1397,599,19,2026-02-01T11:39:12,completed,store
1398,599,8,2026-01-04T21:51:52,completed,web
1399,599,18,2025-10-16T13:12:45,cancelled,mobile_app
1400,600,12,2026-01-31T13:20:34,cancelled,web
1401,600,12,2026-04-09T21:05:08,completed,store
1402,600,20,2026-04-04T19:55:30,completed,web
1403,601,5,2024-10-18T12:26:15,completed,mobile_app
1404,601,12,2026-01-12T22:45:27,cancelled,mobile_app
1405,602,5,2025-08-02T08:20:38,completed,store
1406,602,4,2026-03-21T08:05:58,returned,web
1407,602,8,2026-01-25T16:33:07,completed,store
1408,602,17,2025-09-05T08:00:30,completed,web
1409,602,15,2025-05-13T11:22:26,cancelled,web
1410,603,19,2026-05-15T18:36:23,pending,mobile_app
1411,603,9,2026-04-17T14:30:16,completed,web
1412,603,3,2026-02-24T16:03:58,completed,web
1413,603,7,2026-03-04T09:24:31,completed,mobile_app
1414,603,2,2026-03-29T13:18:37,completed,web
1415,603,13,2026-05-27T18:29:15,pending,store
1416,603,1,2026-03-21T15:44:45,returned,web
1417,603,20,2026-04-03T20:24:10,completed,mobile_app
1418,604,13,2025-04-19T19:29:28,completed,store
1419,605,6,2024-11-14T20:55:32,returned,mobile_app
1420,605,5,2025-02-02T15:33:35,completed,mobile_app
1421,605,10,2026-04-20T12:19:09,completed,mobile_app
1422,606,3,2026-05-04T11:55:29,completed,mobile_app
1423,606,19,2026-05-02T20:07:58,cancelled,store
1424,607,19,2026-04-29T21:47:07,completed,mobile_app
1425,607,16,2026-05-25T14:35:35,completed,mobile_app
1426,607,4,2025-11-07T12:00:21,pending,mobile_app
1427,607,2,2025-12-28T16:23:26,completed,store
1428,607,1,2026-02-21T11:06:16,completed,web
1429,608,7,2024-11-08T21:59:28,completed,web
1430,608,13,2024-05-09T12:04:00,completed,mobile_app
1431,609,11,2026-05-22T12:26:50,completed,mobile_app
1432,609,2,2026-06-01T12:28:18,completed,web
1433,609,3,2026-05-28T15:31:48,completed,web
1434,609,4,2026-06-01T17:45:48,completed,store
1435,609,17,2026-05-10T12:42:36,completed,web
1436,609,19,2026-05-12T17:11:24,returned,mobile_app
1437,609,5,2026-05-11T22:58:12,returned,store
1438,609,20,2026-05-31T14:28:59,pending,store
1439,610,5,2026-04-12T09:56:45,completed,mobile_app
1440,610,13,2026-04-25T12:25:13,pending,store
1441,610,20,2026-04-23T21:54:41,completed,web
1442,610,4,2026-02-02T18:49:47,cancelled,web
1443,610,15,2026-05-07T11:35:16,completed,mobile_app
1444,611,20,2025-08-07T08:48:43,pending,mobile_app
1445,611,5,2025-03-03T09:49:33,returned,web
1446,611,20,2026-01-15T11:27:32,cancelled,store
1447,612,3,2024-07-15T19:36:46,completed,mobile_app
1448,612,8,2024-08-13T15:37:16,completed,mobile_app
1449,612,8,2024-05-02T08:27:16,completed,web
1450,613,2,2025-12-15T20:40:58,returned,mobile_app
1451,614,1,2026-05-10T11:09:12,completed,store
1452,615,7,2026-05-10T17:53:22,pending,mobile_app
1453,615,17,2026-01-17T14:09:22,completed,mobile_app
1454,615,8,2026-01-24T08:47:32,completed,store
1455,616,17,2024-08-01T16:12:05,completed,mobile_app
1456,616,1,2024-06-24T09:39:28,completed,web
1457,616,6,2025-09-12T15:39:44,cancelled,mobile_app
1458,617,4,2025-08-11T17:19:44,completed,mobile_app
1459,619,5,2026-03-22T22:52:40,completed,mobile_app
1460,619,14,2024-12-18T17:24:53,completed,store
1461,619,10,2026-04-08T20:47:21,returned,store
1462,619,14,2024-05-24T17:36:45,cancelled,mobile_app
1463,619,15,2025-11-18T18:19:15,completed,store
1464,620,11,2026-01-10T13:32:43,completed,web
1465,621,18,2025-12-11T14:04:51,completed,web
1466,621,12,2024-05-29T17:26:28,completed,mobile_app
1467,621,14,2026-05-29T10:28:55,completed,store
1468,622,4,2026-03-26T20:13:12,completed,web
1469,622,4,2025-06-23T19:15:46,completed,mobile_app
1470,622,18,2025-10-27T21:39:32,completed,mobile_app
1471,622,10,2026-02-09T20:17:20,returned,mobile_app
1472,622,10,2025-03-07T20:28:53,cancelled,web
1473,623,15,2026-05-20T20:38:45,cancelled,web
1474,624,7,2024-08-31T08:28:41,completed,mobile_app
1475,624,1,2025-06-11T15:32:34,cancelled,web
1476,624,19,2025-03-21T17:38:21,completed,store
1477,624,15,2025-06-10T11:20:44,completed,web
1478,624,10,2025-11-28T14:50:39,completed,web
1479,624,16,2024-09-02T12:04:12,completed,web
1480,624,1,2025-11-24T21:26:20,cancelled,mobile_app
1481,624,18,2024-12-27T18:15:41,completed,web
1482,625,12,2025-02-25T13:51:21,completed,store
1483,626,17,2026-03-20T10:44:47,completed,web
1484,627,1,2026-02-21T14:06:29,completed,mobile_app
1485,627,6,2026-03-09T22:07:24,returned,store
1486,628,20,2024-09-10T10:07:00,returned,store
1487,628,9,2026-01-30T10:29:49,completed,store
1488,628,2,2024-09-19T14:12:09,returned,web
1489,629,9,2025-07-21T15:26:00,completed,mobile_app
1490,629,20,2024-09-07T12:26:20,completed,web
1491,630,3,2024-09-09T19:41:48,completed,mobile_app
1492,630,13,2024-11-04T14:19:30,completed,mobile_app
1493,631,9,2025-12-15T16:01:33,returned,mobile_app
1494,631,8,2026-02-05T11:27:35,completed,store
1495,632,6,2026-05-27T08:23:03,completed,mobile_app
1496,632,16,2026-06-01T13:57:39,completed,mobile_app
1497,633,3,2025-11-09T14:18:07,completed,store
1498,633,13,2026-05-08T19:36:49,completed,store
1499,633,9,2026-02-07T12:37:39,returned,web
1500,634,12,2026-05-18T15:16:16,completed,mobile_app
1501,635,12,2026-05-21T20:44:55,cancelled,mobile_app
1502,635,18,2026-05-27T18:46:20,returned,mobile_app
1503,635,14,2026-05-23T12:09:22,completed,mobile_app
1504,636,18,2026-04-14T12:28:19,completed,mobile_app
1505,636,2,2025-10-08T20:17:22,completed,mobile_app
1506,637,16,2026-05-31T13:18:17,returned,store
1507,637,20,2025-08-28T14:11:44,cancelled,store
1508,638,8,2026-02-14T14:46:50,completed,mobile_app
1509,640,1,2026-01-05T21:20:14,completed,mobile_app
1510,640,7,2025-06-28T21:28:43,completed,web
1511,641,5,2026-01-07T18:04:13,pending,web
1512,641,14,2026-03-28T13:45:53,completed,store
1513,642,9,2026-02-04T14:37:59,pending,mobile_app
1514,642,6,2025-12-09T11:47:10,pending,mobile_app
1515,643,13,2026-04-06T10:27:34,completed,mobile_app
1516,643,3,2026-05-18T19:00:26,completed,store
1517,643,5,2025-06-15T21:51:54,completed,mobile_app
1518,644,1,2026-02-19T12:45:10,pending,store
1519,645,18,2024-04-27T16:54:04,completed,store
1520,646,17,2025-05-27T18:59:57,completed,store
1521,646,15,2025-11-18T08:00:42,returned,store
1522,647,3,2025-10-30T10:45:03,completed,web
1523,647,8,2025-12-23T11:22:27,completed,mobile_app
1524,648,3,2026-02-27T13:59:24,pending,store
1525,648,12,2026-03-25T08:57:21,returned,store
1526,649,12,2026-05-05T10:44:20,completed,mobile_app
1527,649,13,2026-05-19T18:20:06,pending,web
1528,649,11,2026-04-18T10:03:51,cancelled,store
1529,649,18,2026-04-01T10:19:03,returned,mobile_app
1530,649,6,2026-05-26T17:12:49,completed,web
1531,650,2,2025-03-21T19:01:18,returned,mobile_app
1532,650,12,2025-01-24T15:04:12,pending,mobile_app
1533,651,4,2026-05-25T10:01:49,completed,web
1534,652,20,2025-11-24T08:35:34,returned,mobile_app
1535,652,7,2026-01-04T09:28:09,completed,mobile_app
1536,653,19,2026-01-12T09:39:07,cancelled,mobile_app
1537,653,3,2026-03-08T12:57:33,completed,store
1538,653,7,2025-12-18T18:31:41,completed,web
1539,653,13,2026-04-19T22:38:55,returned,store
1540,653,3,2025-11-24T12:41:03,returned,store
1541,654,16,2024-08-21T10:09:33,pending,mobile_app
1542,655,6,2025-08-16T20:48:15,completed,mobile_app
1543,655,10,2025-12-09T14:26:57,completed,mobile_app
1544,655,19,2025-10-16T15:30:25,completed,web
1545,656,12,2025-01-09T15:11:34,completed,web
1546,657,13,2026-05-06T22:01:55,completed,store
1547,657,9,2026-05-20T14:22:58,completed,mobile_app
1548,658,11,2026-02-26T12:21:54,cancelled,mobile_app
1549,659,5,2026-05-04T19:06:41,completed,mobile_app
1550,659,20,2026-01-11T17:05:26,pending,mobile_app
1551,659,14,2026-05-02T10:51:31,completed,web
1552,660,5,2025-07-16T15:21:10,pending,store
1553,660,6,2025-02-21T14:17:58,returned,web
1554,660,19,2024-08-29T12:35:18,pending,store
1555,660,5,2025-06-04T20:56:52,cancelled,store
1556,660,15,2025-06-17T19:30:06,completed,store
1557,661,9,2026-05-16T09:59:46,pending,mobile_app
1558,661,13,2026-05-01T19:41:05,completed,store
1559,661,16,2026-04-02T11:46:52,cancelled,store
1560,661,11,2026-04-23T22:06:10,completed,web
1561,661,2,2026-05-11T17:26:42,returned,mobile_app
1562,661,1,2026-03-24T21:00:12,pending,mobile_app
1563,661,2,2026-04-01T17:56:56,completed,store
1564,661,13,2026-04-14T13:28:08,pending,store
1565,662,5,2026-01-03T08:11:27,pending,web
1566,663,8,2026-02-08T08:39:58,completed,web
1567,663,11,2025-11-27T10:41:09,completed,mobile_app
1568,663,7,2025-11-20T14:46:59,cancelled,store
1569,663,15,2026-05-21T10:57:50,returned,web
1570,663,2,2026-05-20T08:34:44,cancelled,mobile_app
1571,663,7,2026-03-22T16:17:23,pending,mobile_app
1572,663,13,2026-03-23T12:23:54,completed,mobile_app
1573,663,5,2025-11-12T18:52:28,completed,web
1574,664,20,2026-04-15T15:39:58,completed,web
1575,664,14,2025-07-02T22:58:47,completed,store
1576,665,16,2025-09-06T14:10:09,completed,web
1577,665,14,2025-11-02T11:38:38,completed,mobile_app
1578,666,16,2026-05-18T11:02:03,completed,mobile_app
1579,667,7,2025-12-29T19:45:52,cancelled,store
1580,668,13,2026-02-27T08:51:06,completed,mobile_app
1581,669,12,2026-05-06T18:17:05,completed,mobile_app
1582,669,8,2026-04-26T19:17:26,pending,store
1583,669,3,2026-04-28T16:12:28,completed,store
1584,671,19,2026-01-15T21:43:24,pending,mobile_app
1585,672,13,2025-04-02T08:52:15,cancelled,store
1586,674,15,2025-09-17T14:47:58,completed,store
1587,674,4,2025-02-07T13:33:38,pending,store
1588,675,1,2026-04-10T20:55:01,completed,store
1589,675,12,2026-02-27T21:29:06,pending,store
1590,675,18,2026-05-21T15:05:32,returned,store
1591,677,14,2026-05-15T09:09:37,completed,mobile_app
1592,677,2,2026-04-10T18:03:52,pending,store
1593,677,13,2026-01-21T14:06:04,returned,web
1594,677,16,2025-12-05T18:05:10,completed,store
1595,677,5,2025-12-18T21:42:45,cancelled,mobile_app
1596,678,19,2026-02-15T19:58:08,pending,store
1597,678,17,2026-05-20T19:38:54,completed,mobile_app
1598,678,12,2026-03-27T08:22:10,completed,store
1599,678,4,2025-11-01T19:56:35,pending,store
1600,678,9,2026-05-31T08:51:49,completed,web
1601,679,11,2026-05-09T14:27:38,completed,store
1602,679,18,2026-05-29T12:29:25,completed,mobile_app
1603,679,1,2026-04-17T10:50:43,completed,mobile_app
1604,680,14,2026-04-23T15:41:02,cancelled,mobile_app
1605,680,10,2026-03-29T08:10:04,cancelled,store
1606,680,13,2025-12-30T21:02:00,completed,mobile_app
1607,680,14,2026-04-02T08:21:39,completed,store
1608,680,9,2026-05-19T21:01:51,cancelled,web
1609,681,8,2025-11-11T09:13:31,returned,web
1610,681,5,2025-06-16T14:13:49,pending,store
1611,681,3,2025-03-26T22:29:33,completed,web
1612,681,2,2025-11-19T16:08:34,completed,store
1613,681,5,2024-12-14T14:08:06,completed,mobile_app
1614,683,3,2026-02-01T12:59:18,pending,store
1615,683,12,2026-02-12T11:14:52,pending,web
1616,683,7,2026-02-03T20:40:19,pending,web
1617,684,3,2026-05-06T21:59:30,returned,mobile_app
1618,684,6,2026-02-13T10:11:14,completed,web
1619,687,13,2025-04-06T08:00:43,pending,store
1620,687,15,2025-06-17T10:27:16,returned,store
1621,688,13,2025-09-08T08:56:17,completed,store
1622,688,9,2026-02-16T10:07:01,completed,web
1623,689,19,2025-08-01T13:59:23,cancelled,store
1624,690,6,2025-12-27T15:25:29,returned,store
1625,690,18,2026-02-28T08:35:41,completed,web
1626,690,1,2025-12-26T12:18:11,completed,mobile_app
1627,692,9,2026-01-04T21:29:45,completed,store
1628,692,13,2025-07-05T09:02:51,returned,mobile_app
1629,692,6,2026-04-03T22:17:58,returned,store
1630,693,11,2025-09-01T12:43:39,completed,mobile_app
1631,693,14,2026-01-30T16:21:26,completed,mobile_app
1632,694,13,2026-04-27T11:09:31,completed,web
1633,695,12,2026-05-17T21:40:51,completed,store
1634,695,6,2025-09-01T17:41:00,completed,store
1635,695,8,2026-01-24T16:13:12,completed,store
1636,695,13,2025-06-14T11:11:51,completed,web
1637,695,15,2025-08-12T12:41:27,completed,store
1638,695,20,2025-09-13T10:50:03,completed,store
1639,695,19,2026-02-28T18:30:12,completed,store
1640,695,6,2026-04-08T14:02:11,pending,mobile_app
1641,696,5,2025-04-14T11:31:29,returned,web
1642,696,16,2026-02-02T17:04:48,pending,web
1643,696,2,2025-06-03T15:33:13,completed,store
1644,696,16,2025-05-29T10:32:03,returned,web
1645,696,19,2024-10-15T22:20:47,returned,mobile_app
1646,697,20,2026-05-03T14:24:12,returned,mobile_app
1647,697,19,2026-03-21T09:51:22,returned,mobile_app
1648,697,5,2025-11-30T11:05:42,completed,store
1649,697,20,2026-03-22T15:56:13,pending,store
1650,697,19,2026-03-20T13:55:06,completed,web
1651,698,15,2025-11-18T14:06:43,cancelled,mobile_app
1652,698,10,2025-09-14T14:45:18,cancelled,store
1653,698,12,2026-02-03T20:22:38,returned,store
1654,698,10,2026-02-20T15:49:53,completed,store
1655,698,20,2026-03-11T08:01:31,returned,store
1656,699,9,2026-05-19T22:46:54,completed,store
1657,699,4,2026-05-14T10:21:23,pending,store
1658,700,7,2025-07-27T12:06:31,completed,mobile_app
1659,700,20,2025-05-08T13:56:53,completed,store
1660,700,20,2025-12-19T13:48:00,completed,mobile_app
1661,700,3,2026-02-08T18:45:37,completed,web
1662,700,12,2024-10-14T20:48:35,completed,store
1663,700,7,2024-08-18T18:43:46,returned,mobile_app
1664,700,15,2026-01-23T16:10:41,returned,mobile_app
1665,700,14,2025-09-11T14:15:47,pending,store
1666,701,14,2025-11-23T12:17:54,completed,mobile_app
1667,702,14,2026-05-04T11:28:38,pending,store
1668,702,3,2026-04-15T12:59:16,completed,mobile_app
1669,702,13,2025-12-04T20:50:37,completed,mobile_app
1670,703,18,2026-05-01T10:53:08,completed,web
1671,703,3,2026-03-29T11:32:26,cancelled,mobile_app
1672,704,12,2026-03-15T21:51:29,cancelled,mobile_app
1673,704,15,2026-03-19T08:23:26,completed,web
1674,705,3,2024-05-31T18:32:27,completed,web
1675,706,11,2025-10-01T22:54:35,completed,web
1676,706,2,2026-04-18T20:17:08,cancelled,mobile_app
1677,708,17,2024-09-07T12:22:29,returned,web
1678,709,7,2026-01-15T13:57:32,pending,store
1679,710,1,2026-03-21T17:48:09,completed,web
1680,711,2,2025-11-07T12:15:05,completed,web
1681,712,9,2025-10-15T15:20:21,pending,web
1682,712,14,2024-08-20T16:31:02,completed,store
1683,713,8,2025-01-17T08:40:55,pending,mobile_app
1684,713,2,2026-05-20T10:17:11,returned,web
1685,714,2,2025-12-25T20:20:06,returned,mobile_app
1686,715,1,2025-09-08T13:30:45,completed,web
1687,716,5,2026-03-27T09:50:29,completed,mobile_app
1688,716,6,2026-04-29T16:57:43,cancelled,mobile_app
1689,717,17,2026-05-29T09:29:24,completed,store
1690,717,3,2026-05-24T15:37:13,cancelled,mobile_app
1691,718,1,2026-05-30T18:31:54,completed,store
1692,718,6,2026-05-18T14:01:48,completed,mobile_app
1693,720,19,2025-06-06T18:04:37,completed,web
1694,720,17,2026-04-17T15:29:52,completed,store
1695,721,7,2025-08-31T18:20:38,completed,store
1696,722,20,2026-05-08T10:22:02,returned,mobile_app
1697,722,12,2026-04-14T16:07:35,completed,web
1698,722,12,2026-02-25T21:39:59,returned,web
1699,723,4,2026-01-31T10:24:51,cancelled,mobile_app
1700,723,13,2025-06-30T16:08:32,completed,store
1701,723,6,2025-03-17T14:37:54,completed,mobile_app
1702,723,15,2025-08-31T13:53:48,cancelled,mobile_app
1703,723,3,2026-03-30T15:19:13,pending,mobile_app
1704,724,11,2025-09-29T15:22:02,completed,mobile_app
1705,725,15,2025-08-11T08:51:33,returned,store
1706,725,12,2025-03-14T12:53:37,returned,web
1707,726,7,2026-05-29T10:48:54,cancelled,web
1708,726,3,2026-05-22T21:53:26,completed,mobile_app
1709,727,20,2025-09-15T19:44:10,pending,store
1710,728,20,2026-01-29T22:21:53,completed,web
1711,729,3,2025-04-08T12:40:48,completed,web
1712,730,17,2025-12-24T08:57:38,completed,store
1713,730,20,2025-08-13T20:58:04,returned,store
1714,731,10,2026-02-11T17:11:10,completed,mobile_app
1715,731,10,2026-01-12T09:18:00,returned,web
1716,732,14,2025-11-28T13:09:00,pending,web
1717,732,17,2025-09-21T18:19:44,completed,mobile_app
1718,733,11,2026-04-19T17:06:58,completed,mobile_app
1719,734,13,2025-09-25T21:56:34,completed,store
1720,734,16,2025-12-25T21:05:40,completed,store
1721,734,14,2025-08-26T15:51:02,completed,mobile_app
1722,734,18,2026-02-01T19:56:57,completed,web
1723,734,20,2025-06-15T19:55:31,cancelled,mobile_app
1724,735,18,2024-11-06T17:42:13,completed,mobile_app
1725,736,14,2026-01-31T16:01:30,returned,mobile_app
1726,736,17,2026-05-09T17:38:23,completed,web
1727,736,19,2026-03-22T12:42:36,returned,store
1728,737,6,2026-05-14T10:57:23,completed,store
1729,737,16,2025-11-12T12:21:06,returned,store
1730,738,5,2025-12-28T10:15:16,completed,store
1731,739,17,2026-03-08T09:28:04,completed,web
1732,741,1,2026-02-11T16:32:25,completed,web
1733,742,1,2026-05-05T11:45:26,completed,mobile_app
1734,743,14,2026-05-09T09:27:40,returned,store
1735,743,7,2026-05-13T12:19:08,completed,mobile_app
1736,744,1,2025-09-09T18:18:07,completed,web
1737,745,5,2024-06-05T18:14:38,cancelled,mobile_app
1738,745,18,2026-02-21T15:45:35,returned,mobile_app
1739,745,6,2025-09-27T08:17:32,completed,mobile_app
1740,746,10,2025-11-01T19:43:02,cancelled,store
1741,746,4,2025-12-13T20:34:40,completed,mobile_app
1742,747,11,2025-08-04T21:26:57,completed,mobile_app
1743,748,10,2026-05-23T22:48:54,completed,store
1744,748,5,2026-05-21T20:06:48,cancelled,mobile_app
1745,748,1,2026-04-18T22:17:01,cancelled,mobile_app
1746,749,17,2025-09-25T14:16:17,completed,web
1747,749,1,2025-11-27T09:32:29,completed,web
1748,750,16,2025-11-03T18:57:16,returned,mobile_app
1749,750,7,2025-11-01T08:05:32,completed,web
1750,752,9,2025-06-22T11:46:53,pending,store
1751,753,3,2026-02-23T21:21:16,completed,web
1752,754,16,2025-09-27T09:15:47,completed,web
1753,754,5,2025-12-24T13:49:27,returned,store
1754,755,3,2025-05-07T16:17:54,completed,mobile_app
1755,757,10,2025-11-27T08:11:51,returned,mobile_app
1756,758,1,2025-01-17T13:01:59,returned,mobile_app
1757,758,19,2025-05-14T14:16:50,pending,store
1758,758,16,2025-08-03T15:37:14,pending,web
1759,758,3,2026-04-04T20:27:03,completed,web
1760,758,12,2024-09-22T08:41:52,completed,web
1761,759,16,2025-02-05T17:58:16,completed,web
1762,760,15,2025-12-14T19:06:33,pending,web
1763,760,13,2025-12-21T09:29:26,completed,store
1764,760,1,2025-07-09T13:00:08,completed,web
1765,761,15,2026-02-01T20:59:57,cancelled,web
1766,761,17,2025-07-15T11:38:26,cancelled,store
1767,761,13,2025-11-21T20:59:53,returned,mobile_app
1768,762,15,2026-01-13T11:01:42,completed,mobile_app
1769,762,12,2026-05-19T17:40:53,cancelled,store
1770,763,16,2024-02-14T10:11:01,returned,web
1771,763,17,2026-05-24T19:29:22,returned,mobile_app
1772,763,17,2024-09-02T16:03:50,completed,mobile_app
1773,764,16,2026-04-11T13:21:43,returned,mobile_app
1774,764,4,2026-04-10T12:49:44,completed,mobile_app
1775,765,13,2025-05-24T12:42:12,completed,store
1776,765,12,2025-12-24T16:20:28,returned,mobile_app
1777,765,8,2025-11-24T18:37:28,completed,mobile_app
1778,765,1,2025-07-15T12:28:00,completed,mobile_app
1779,765,2,2026-03-02T21:49:49,returned,web
1780,766,1,2025-10-11T08:35:49,completed,web
1781,766,16,2025-09-04T20:34:13,pending,store
1782,766,9,2026-04-14T17:56:43,cancelled,mobile_app
1783,766,9,2026-04-19T19:37:05,completed,web
1784,766,10,2026-05-06T21:00:47,cancelled,store
1785,766,17,2026-01-22T13:56:14,completed,store
1786,766,9,2026-04-06T18:36:11,completed,mobile_app
1787,766,1,2025-11-05T08:29:44,completed,mobile_app
1788,767,14,2026-05-06T15:59:50,completed,store
1789,767,10,2026-01-21T13:28:41,completed,mobile_app
1790,767,10,2026-01-31T13:56:20,returned,store
1791,768,9,2026-02-10T10:10:00,completed,store
1792,768,5,2025-12-27T12:26:55,pending,store
1793,768,9,2025-08-10T18:01:25,completed,mobile_app
1794,768,14,2025-07-24T17:29:59,completed,web
1795,768,12,2026-05-18T14:27:58,completed,store
1796,768,14,2026-01-23T22:38:19,completed,store
1797,768,5,2025-08-01T18:59:52,pending,web
1798,768,2,2026-05-08T18:17:57,completed,mobile_app
1799,769,12,2025-09-03T08:33:09,returned,web
1800,770,10,2026-05-26T09:43:17,pending,mobile_app
1801,771,20,2024-10-23T11:47:55,pending,mobile_app
1802,772,20,2026-04-07T08:29:30,completed,web
1803,772,16,2026-03-29T18:41:14,pending,store
1804,772,13,2026-05-11T14:27:06,completed,web
1805,772,8,2026-03-25T18:15:36,completed,store
1806,772,15,2026-05-16T15:12:13,completed,store
1807,773,3,2025-06-22T14:43:11,pending,mobile_app
1808,773,7,2025-08-15T14:17:18,completed,store
1809,773,5,2026-03-29T10:58:56,completed,store
1810,774,1,2026-03-28T08:37:02,completed,web
1811,774,10,2026-04-23T14:23:35,completed,store
1812,775,10,2025-10-20T21:49:04,pending,mobile_app
1813,776,13,2026-02-22T17:43:24,pending,store
1814,777,17,2025-08-23T12:40:08,cancelled,store
1815,777,3,2026-05-02T19:16:21,completed,store
1816,778,16,2025-10-05T08:34:04,completed,mobile_app
1817,779,7,2024-08-21T17:09:10,completed,mobile_app
1818,779,10,2025-09-24T20:31:25,completed,mobile_app
1819,780,7,2026-04-02T16:26:32,cancelled,store
1820,780,14,2025-09-17T10:36:30,completed,mobile_app
1821,780,16,2026-02-01T11:40:19,cancelled,web
1822,781,20,2025-11-17T19:47:24,completed,store
1823,782,16,2026-01-01T17:10:17,cancelled,mobile_app
1824,782,10,2024-10-14T12:03:54,completed,mobile_app
1825,782,1,2026-04-25T09:49:43,returned,mobile_app
1826,783,12,2025-04-28T10:13:04,returned,web
1827,783,2,2024-11-14T10:15:07,completed,store
1828,785,3,2026-04-13T15:24:55,cancelled,mobile_app
1829,786,3,2026-05-27T13:18:46,completed,store
1830,786,8,2026-02-06T18:46:46,completed,mobile_app
1831,786,12,2026-02-28T10:45:28,cancelled,mobile_app
1832,786,16,2026-03-20T18:01:06,completed,store
1833,786,20,2026-05-09T08:11:20,cancelled,web
1834,787,8,2026-05-09T20:01:10,completed,store
1835,787,3,2026-05-22T17:33:17,pending,web
1836,787,11,2026-06-01T10:35:18,completed,mobile_app
1837,787,10,2026-05-24T21:02:21,completed,mobile_app
1838,787,4,2026-05-07T09:48:10,completed,store
1839,788,2,2024-12-23T13:01:11,returned,mobile_app
1840,788,13,2026-01-24T12:34:22,completed,mobile_app
1841,789,8,2025-07-14T16:42:33,cancelled,web
1842,789,11,2026-02-14T19:26:31,pending,store
1843,790,2,2024-05-30T10:56:09,completed,store
1844,791,5,2025-09-11T08:39:58,completed,web
1845,791,11,2025-10-22T19:30:57,cancelled,mobile_app
1846,792,13,2025-12-01T18:27:12,returned,mobile_app
1847,792,14,2026-05-09T18:29:25,cancelled,mobile_app
1848,792,6,2025-07-31T08:54:06,completed,mobile_app
1849,793,6,2025-11-14T20:55:33,completed,store
1850,793,9,2025-10-06T12:36:21,completed,mobile_app
1851,793,4,2025-05-24T09:58:26,completed,mobile_app
1852,793,7,2025-08-23T13:13:41,completed,mobile_app
1853,793,11,2026-04-02T15:52:56,completed,web
1854,793,2,2025-09-20T21:40:04,completed,mobile_app
1855,793,5,2025-09-21T20:54:50,returned,web
1856,793,3,2025-10-06T21:49:17,completed,store
1857,794,20,2025-07-15T16:26:50,completed,mobile_app
1858,795,2,2025-08-13T18:04:18,completed,web
1859,795,6,2025-07-05T11:45:54,pending,store
1860,796,16,2025-12-25T15:36:30,completed,store
1861,796,11,2026-05-12T20:27:47,completed,web
1862,797,1,2026-02-26T21:39:26,completed,mobile_app
1863,797,17,2025-12-12T12:08:24,completed,web
1864,798,10,2025-09-21T08:32:22,completed,mobile_app
1865,798,16,2025-10-14T22:55:16,completed,web
1866,798,14,2026-03-16T13:56:10,completed,mobile_app
1867,799,18,2026-03-31T12:48:05,completed,web
